{"PF103901698075717245153":{"foto":"https:\/\/lh4.googleusercontent.com\/-tAxxhwB3e6A\/AAAAAAAAAAI\/AAAAAAAFlJw\/_MX8AeWJRsY\/s40-ba4-c0x00000000-cc-rp-mo\/photo.jpg","nome":"Rodrigo Medeiros","estrela":"5,0","comentario":"Excelente atendimento de toda a equipe. Bom para festas infantis. Recomendo muito.","idperfil":"103901698075717245153","publicado":"31\/10\/2017"},"PF114915892931849925272":{"foto":"https:\/\/lh3.googleusercontent.com\/-mok5EoaSAFI\/AAAAAAAAAAI\/AAAAAAAAAAA\/ABtNlbDj9QkMz4mT3iTTY5Zt1COWqUnk1A\/s40-ba4-c0x00000000-cc-rp-mo\/photo.jpg","nome":"Frederico Rocha","estrela":"4,0","comentario":"Muito bom!","idperfil":"114915892931849925272","publicado":"31\/10\/2017"},"PF105521499789050124629":{"foto":"https:\/\/lh5.googleusercontent.com\/-YLrtcLP89R8\/AAAAAAAAAAI\/AAAAAAAAoXU\/WyNannsAmqA\/s40-ba2-c0x00000000-cc-rp-mo\/photo.jpg","nome":"EDILEINE CAMPOS","estrela":"5,0","comentario":"Excelente!  Bom espa\u00e7o, brinquedos mt bons. Local agrad\u00e1vel.","idperfil":"105521499789050124629","publicado":"31\/10\/2017"},"PF112437146747650729904":{"foto":"https:\/\/lh5.googleusercontent.com\/-pNeldk3q1jQ\/AAAAAAAAAAI\/AAAAAAAAAAA\/ABtNlbCSai7CSt3RWLPRAwxAqIbhF77J8w\/s40-c0x00000000-cc-rp-mo\/photo.jpg","nome":"Rita De Cassia Bao","estrela":"5,0","comentario":"Adorei tudo!!","idperfil":"112437146747650729904","publicado":"31\/10\/2017"},"PF110844720073915857025":{"foto":"https:\/\/lh6.googleusercontent.com\/-axaeNKI7sak\/AAAAAAAAAAI\/AAAAAAAAAAA\/ABtNlbAcYWWDvFQOOxkxxhc1tTXSH0GBGg\/s40-ba2-c0x00000000-cc-rp-mo\/photo.jpg","nome":"Enzzo Camargo","estrela":"4,0","comentario":"Excelente op\u00e7\u00e3o para sua festa. S\u00f3 falta ter uma faixa de pedestres para travessia de convidados.","idperfil":"110844720073915857025","publicado":"31\/10\/2017"},"PF100749322990945699159":{"foto":"https:\/\/lh5.googleusercontent.com\/-ZL4UgW22yKQ\/AAAAAAAAAAI\/AAAAAAAAAEI\/5MPHcpTkZ8c\/s40-c0x00000000-cc-rp-mo\/photo.jpg","nome":"Antero B\u00e1lder T\u00f4rres","estrela":"4,0","comentario":"Festa de crian\u00e7a bem organizada.","idperfil":"100749322990945699159","publicado":"31\/01\/2018"},"PF114418380500834214465":{"foto":"https:\/\/lh5.googleusercontent.com\/-zBqd2__cnMQ\/AAAAAAAAAAI\/AAAAAAAAA3Q\/JihNL9L1QRU\/s40-ba4-c0x00000000-cc-rp-mo\/photo.jpg","nome":"Otavio Dutra","estrela":"5,0","comentario":"Excelente espa\u00e7o para as crian\u00e7as.","idperfil":"114418380500834214465","publicado":"01\/05\/2018"},"PF101227758786185412158":{"foto":"https:\/\/lh6.googleusercontent.com\/-7P6f-NC6Ntc\/AAAAAAAAAAI\/AAAAAAAA6qI\/U4X7va0Emcs\/s40-ba4-c0x00000000-cc-rp-mo\/photo.jpg","nome":"Nanda Reis","estrela":"5,0","comentario":"Local maravilhoso, atendimento excepcional, boa localiza\u00e7\u00e3o. S\u00f3 elogios!!!!","idperfil":"101227758786185412158","publicado":"31\/10\/2017"},"PF101953419019560624700":{"foto":"https:\/\/lh5.googleusercontent.com\/-wdAOyWROz4c\/AAAAAAAAAAI\/AAAAAAABBmI\/A2FDGgrFOcs\/s40-ba4-c0x00000000-cc-rp-mo\/photo.jpg","nome":"KARINA KELLEN BORGES DE MIRANDA","estrela":"5,0","comentario":"Espa\u00e7o Kids \u00f3timo, bom espa\u00e7o para acomodar convidados.","idperfil":"101953419019560624700","publicado":"31\/10\/2017"},"PF118379273836847946252":{"foto":"https:\/\/lh3.googleusercontent.com\/-B6LGEcCGiNs\/AAAAAAAAAAI\/AAAAAAAAG4w\/9eJYoP1ThZM\/s40-ba4-c0x00000000-cc-rp-mo\/photo.jpg","nome":"Guilherme Gandra","estrela":"5,0","comentario":"Muito conforto, pois possui ar condicionado e \u00e9 f\u00e1cil de chegar. \u00c1rea de lazer muito diversificada, banheiros limpos e ilumina\u00e7\u00e3o agrad\u00e1vel faz do local ideal para festas infantis. Os doces estavam muito bons na ocasi\u00e3o.","idperfil":"118379273836847946252","publicado":"31\/10\/2016"},"PF101795261668784228189":{"foto":"https:\/\/lh3.googleusercontent.com\/-mY9FI0L6DW8\/AAAAAAAAAAI\/AAAAAAAADRw\/x96lktimJAw\/s40-c0x00000000-cc-rp-mo\/photo.jpg","nome":"Nat\u00e1lia Membrive","estrela":"3,0","comentario":"Bom, mas encerra cedo.","idperfil":"101795261668784228189","publicado":"31\/03\/2018"},"PF105660401155190101628":{"foto":"https:\/\/lh3.googleusercontent.com\/-spA1VYGe-kM\/AAAAAAAAAAI\/AAAAAAAAADQ\/3Vkq0Wl3qkA\/s40-ba3-c0x00000000-cc-rp-mo\/photo.jpg","nome":"K\u00e9ury Ramirez","estrela":"4,0","comentario":"Atendimento de primeira, e \u00f3timo ambiente","idperfil":"105660401155190101628","publicado":"31\/03\/2018"},"PF106377786658476118244":{"foto":"https:\/\/lh5.googleusercontent.com\/-C5LMt8taKWc\/AAAAAAAAAAI\/AAAAAAAAAAA\/ABtNlbAjlxgSANCOueZOJAeqjHI2LtzpsA\/s40-ba4-c0x00000000-cc-rp-mo\/photo.jpg","nome":"Mittermayer Amaral","estrela":"5,0","comentario":"Espa\u00e7o maravilhoso para festa","idperfil":"106377786658476118244","publicado":"01\/05\/2018"},"PF110006651932695342864":{"foto":"https:\/\/lh6.googleusercontent.com\/-_2rnYApVpfY\/AAAAAAAAAAI\/AAAAAAAACbI\/YfBhtQSholo\/s40-ba2-c0x00000000-cc-rp-mo\/photo.jpg","nome":"Poliane Aguiar","estrela":"5,0","comentario":"Maravilhoso! Sensacional!","idperfil":"110006651932695342864","publicado":"31\/05\/2018"},"PF109819349955047152116":{"foto":"https:\/\/lh5.googleusercontent.com\/-hOASwnIrkKE\/AAAAAAAAAAI\/AAAAAAAAAAA\/ABtNlbBiqS1XY57ZxZ2HmTFuMS4QszIzBw\/s40-ba4-c0x00000000-cc-rp-mo\/photo.jpg","nome":"Andr\u00e9 Sanches","estrela":"5,0","comentario":"Muito bom para a festinha da crian\u00e7ada","idperfil":"109819349955047152116","publicado":"31\/03\/2018"},"PF114594679822609454182":{"foto":"https:\/\/lh3.googleusercontent.com\/-fu-gf7ZgWpQ\/AAAAAAAAAAI\/AAAAAAAAAAA\/ABtNlbAACK9huSSV8FHex5psxfRaIdTxCg\/s40-ba3-c0x00000000-cc-rp-mo\/photo.jpg","nome":"CH GO","estrela":"4,0","comentario":"Tem o tamanho ideal, os brinquedos s\u00e3o muito bons e o atendimento \u00e9 excelente","idperfil":"114594679822609454182","publicado":"31\/10\/2017"},"PF102414658510458526812":{"foto":"https:\/\/lh4.googleusercontent.com\/-zan730oxhtg\/AAAAAAAAAAI\/AAAAAAAAAEk\/DGfCCjtU8j8\/s40-ba5-c0x00000000-cc-rp-mo\/photo.jpg","nome":"Amanda Machado","estrela":"4,0","comentario":"Lindo sal\u00e3o de festas, excelente buffet e uma estrutura de brinquedos que encanta a meninada.","idperfil":"102414658510458526812","publicado":"31\/10\/2017"},"PF108390176915490561860":{"foto":"https:\/\/lh6.googleusercontent.com\/-sfThDtwCu7Y\/AAAAAAAAAAI\/AAAAAAAAAAA\/ABtNlbCPjWbCm_Nr_gHmoSsPSsHcm5K4yQ\/s40-ba3-c0x00000000-cc-rp-mo\/photo.jpg","nome":"Jos\u00e9 Ant\u00f4nio","estrela":"5,0","comentario":"Muito bom lugar incr\u00edvel","idperfil":"108390176915490561860","publicado":"31\/03\/2018"},"PF106805193660114149926":{"foto":"https:\/\/lh5.googleusercontent.com\/-TIgQN3ZF2zo\/AAAAAAAAAAI\/AAAAAAAAEAY\/qHKg_WOgeCo\/s40-ba5-c0x00000000-cc-rp-mo\/photo.jpg","nome":"Taisson do Carmo","estrela":"5,0","comentario":"Muito bom! Espa\u00e7o adequado a festa infantil.","idperfil":"106805193660114149926","publicado":"31\/10\/2017"},"PF114866868182930324277":{"foto":"https:\/\/lh5.googleusercontent.com\/-q6ZEaiuxPq0\/AAAAAAAAAAI\/AAAAAAAACXo\/C2nc61CNv-k\/s40-ba4-c0x00000000-cc-rp-mo\/photo.jpg","nome":"Nilson Zeferino Ribeiro","estrela":"3,0","comentario":"Local para festas pequenas, tem os brinquedos b\u00e1sicos, atendimento bom e o estacionamento na rua n\u00e3o \u00e9 f\u00e1cil.","idperfil":"114866868182930324277","publicado":"31\/10\/2017"},"PF104621098264394422403":{"foto":"https:\/\/lh4.googleusercontent.com\/-tPIM1eESO5Y\/AAAAAAAAAAI\/AAAAAAAAH3w\/Y42LU9hF3hA\/s40-c0x00000000-cc-rp-mo\/photo.jpg","nome":"Alberto Luiz","estrela":"5,0","comentario":"A festa da filha do meu melhor amigo foi aqui... tudo de primeira! \u00d3timo lugar.","idperfil":"104621098264394422403","publicado":"31\/10\/2017"},"PF107797020014037543308":{"foto":"https:\/\/lh5.googleusercontent.com\/-9OuL0D-06xY\/AAAAAAAAAAI\/AAAAAAAAAAA\/ABtNlbCi2ZQWPLnQhiyLX0-lML2mKJhg7Q\/s40-ba3-c0x00000000-cc-rp-mo\/photo.jpg","nome":"michel augusto","estrela":"5,0","comentario":"Muito bom..  Bem organizado...  Boas festas..  ","idperfil":"107797020014037543308","publicado":"31\/10\/2017"},"PF110663420386682643550":{"foto":"https:\/\/lh6.googleusercontent.com\/-OMN4WXbaeNk\/AAAAAAAAAAI\/AAAAAAAAGDs\/XcFZ32VhHeQ\/s40-ba3-c0x00000000-cc-rp-mo\/photo.jpg","nome":"Rogerio Marcos","estrela":"5,0","comentario":"Amei o lugar","idperfil":"110663420386682643550","publicado":"03\/03\/2018"},"PF111016810526836421578":{"foto":"https:\/\/lh4.googleusercontent.com\/-Bm81YJs_p6s\/AAAAAAAAAAI\/AAAAAAAAQO0\/Xq7IEIo7u-s\/s40-ba4-c0x00000000-cc-rp-mo\/photo.jpg","nome":"juliano mapa","estrela":"5,0","comentario":"Espa\u00e7o mto bem aproveitado...as crian\u00e7as se deliciam..","idperfil":"111016810526836421578","publicado":"31\/10\/2017"},"PF105027842373368964209":{"foto":"https:\/\/lh4.googleusercontent.com\/-zVnol1KacR0\/AAAAAAAAAAI\/AAAAAAAANjU\/JntKabQRCXk\/s40-ba3-c0x00000000-cc-rp-mo\/photo.jpg","nome":"Levioni Lima","estrela":"5,0","comentario":"\u00d3timo espa\u00e7o.","idperfil":"105027842373368964209","publicado":"31\/03\/2018"},"PF106528472565428662067":{"foto":"https:\/\/lh5.googleusercontent.com\/-5bGekSHQkgQ\/AAAAAAAAAAI\/AAAAAAAAAOM\/o8k0faEoWQg\/s40-ba5-c0x00000000-cc-rp-mo\/photo.jpg","nome":"Alexandre Santos","estrela":"4,0","comentario":"Casa de festas de excelente n\u00edvel. Muitos brinquedos e monitores atentos. Lindo lugar!","idperfil":"106528472565428662067","publicado":"31\/10\/2017"},"PF112552755398633534190":{"foto":"https:\/\/lh5.googleusercontent.com\/-OjQOzwhyRIo\/AAAAAAAAAAI\/AAAAAAAAAAA\/ABtNlbDmL7Rpj_tV6xcvKiiMaoHkCbGfCg\/s40-ba4-c0x00000000-cc-rp-mo\/photo.jpg","nome":"helgasantos1","estrela":"5,0","comentario":"Excelente local.","idperfil":"112552755398633534190","publicado":"31\/08\/2018"},"PF105656261761628977910":{"foto":"https:\/\/lh6.googleusercontent.com\/-aJoGFrGqw6o\/AAAAAAAAAAI\/AAAAAAAACsQ\/xSdO7-YcGF0\/s40-ba3-c0x00000000-cc-rp-mo\/photo.jpg","nome":"Cheaty","estrela":"5,0","comentario":"Muito bom!!","idperfil":"105656261761628977910","publicado":"03\/03\/2018"},"PF114814300775810999647":{"foto":"https:\/\/lh4.googleusercontent.com\/--tLgwt0oHAg\/AAAAAAAAAAI\/AAAAAAAAAAA\/ABtNlbANHaTZyVx9dFb52-ftBJ7zaDgpJg\/s40-ba2-c0x00000000-cc-rp-mo\/photo.jpg","nome":"Bruna Martins","estrela":"5,0","comentario":"Espa\u00e7o \u00f3timo pra festas e muitos brinquedos para crian\u00e7ada","idperfil":"114814300775810999647","publicado":"03\/03\/2018"},"PF108779342221317897899":{"foto":"https:\/\/lh6.googleusercontent.com\/-D9UjCtkVaSI\/AAAAAAAAAAI\/AAAAAAAAFDM\/6_PEsDvBBU4\/s40-ba4-c0x00000000-cc-rp-mo\/photo.jpg","nome":"Pedro Henrique","estrela":"5,0","comentario":"Um lugar fant\u00e1stico","idperfil":"108779342221317897899","publicado":"31\/08\/2018"},"PF102257620488609213707":{"foto":"https:\/\/lh3.googleusercontent.com\/-wruF0nVa04A\/AAAAAAAAAAI\/AAAAAAAAAAA\/ABtNlbCGFkMSodjoUNHx_y0ZhBDx-sEwjQ\/s40-ba3-c0x00000000-cc-rp-mo\/photo.jpg","nome":"Virginia Zampieri","estrela":"4,0","comentario":"Foi \u00f3timo.","idperfil":"102257620488609213707","publicado":"31\/05\/2018"},"PF114414463907754553870":{"foto":"https:\/\/lh3.googleusercontent.com\/-xTGJbtNn6AA\/AAAAAAAAAAI\/AAAAAAAAHv8\/Bnx4fggvJ2Q\/s40-ba2-c0x00000000-cc-rp-mo\/photo.jpg","nome":"Henrique Maia","estrela":"5,0","comentario":"Excelente buffet infantil!","idperfil":"114414463907754553870","publicado":"31\/03\/2018"},"PF114785086474300656931":{"foto":"https:\/\/lh4.googleusercontent.com\/-BMdUbKR9oBc\/AAAAAAAAAAI\/AAAAAAAAAAA\/ABtNlbDSGv8M1w3VHlNj9E_uHobnG8rX0Q\/s40-ba3-c0x00000000-cc-rp-mo\/photo.jpg","nome":"Thalita Menezes","estrela":"5,0","comentario":"Atendimento excelente","idperfil":"114785086474300656931","publicado":"31\/05\/2018"},"PF101068135272791424746":{"foto":"https:\/\/lh3.googleusercontent.com\/-7bckDf_1Ns4\/AAAAAAAAAAI\/AAAAAAAAdXk\/KSO7GsiZ8po\/s40-c0x00000000-cc-rp-mo\/photo.jpg","nome":"Gustavo Batista","estrela":"5,0","comentario":"\u00d3timo","idperfil":"101068135272791424746","publicado":"01\/01\/1970"},"PF109193092215757807533":{"foto":"https:\/\/lh3.googleusercontent.com\/-n3bABFR436s\/AAAAAAAAAAI\/AAAAAAAACg0\/DJuKHYgrK2w\/s40-ba3-c0x00000000-cc-rp-mo\/photo.jpg","nome":"Gelson junior","estrela":"5,0","comentario":"Super recomendado o estabelecimento.","idperfil":"109193092215757807533","publicado":"01\/10\/2018"},"PF110859653245089104137":{"foto":"https:\/\/lh5.googleusercontent.com\/-NuNRzUv7jX8\/AAAAAAAAAAI\/AAAAAAAAAAA\/ABtNlbCCf9NLMSrc20v_y2wkEXvHi6T7ug\/s40-c0x00000000-cc-rp-mo\/photo.jpg","nome":"Solange Henriques","estrela":"5,0","comentario":"Excelente","idperfil":"110859653245089104137","publicado":"01\/01\/1970"},"PF115608661430245463951":{"foto":"https:\/\/lh3.googleusercontent.com\/-lISxf18xXGs\/AAAAAAAAAAI\/AAAAAAAAE5E\/BNWVldB6bH4\/s40-c0x00000000-cc-rp-mo\/photo.jpg","nome":"Analu Oliveira","estrela":"5,0","comentario":"Muito boa, \u00f3timo atendimento, simplesmente perfeito","idperfil":"115608661430245463951","publicado":"31\/07\/2018"},"PF107522923684379861544":{"foto":"https:\/\/lh5.googleusercontent.com\/-vsmZOptY5v4\/AAAAAAAAAAI\/AAAAAAAAADY\/REjmlQQu3_g\/s40-ba3-c0x00000000-cc-rp-mo\/photo.jpg","nome":"Ana Carla Herculano","estrela":"5,0","comentario":"Excelente recep\u00e7\u00e3o. Amo fazer festa neste sal\u00e3o!!!","idperfil":"107522923684379861544","publicado":"31\/03\/2018"},"PF101443447599800318791":{"foto":"https:\/\/lh3.googleusercontent.com\/-RTnCqqIeFi4\/AAAAAAAAAAI\/AAAAAAAAAGo\/LjuhFcIZFDg\/s40-ba3-c0x00000000-cc-rp-mo\/photo.jpg","nome":"Renato Trindade","estrela":"5,0","comentario":"Lugar bonito, bem espa\u00e7o e com muita opcao para crian\u00e7as..","idperfil":"101443447599800318791","publicado":"31\/03\/2018"},"PF113005658800844859825":{"foto":"https:\/\/lh5.googleusercontent.com\/-LS6p874gbus\/AAAAAAAAAAI\/AAAAAAAALjI\/IQm808uE1Zo\/s40-ba5-c0x00000000-cc-rp-mo\/photo.jpg","nome":"Pedro Matozinho","estrela":"5,0","comentario":"Sem d\u00favida um dos melhores buffet da regi\u00e3o, j\u00e1 trabalhei interno e a organiza\u00e7\u00e3o e limpeza s\u00e3o impec\u00e1veis, sem contar com os monitores e gar\u00e7ons que s\u00e3o muito bem selecionados. Parab\u00e9ns a toda equipe Let's Go!, Sucesso sempre.","idperfil":"113005658800844859825","publicado":"31\/10\/2017"},"PF103818956569859474264":{"foto":"https:\/\/lh6.googleusercontent.com\/-vp6B0q9pduU\/AAAAAAAAAAI\/AAAAAAAAAAA\/ABtNlbAQqwEaWIjkxvyIpd7WiPOnHhW7Ag\/s40-ba4-c0x00000000-cc-rp-mo\/photo.jpg","nome":"Leandro Mendes Duarte","estrela":"5,0","comentario":"otimo espa\u00e7o para festa infantil","idperfil":"103818956569859474264","publicado":"31\/08\/2018"},"PF101575935289607796413":{"foto":"https:\/\/lh4.googleusercontent.com\/-Xc9WGdnQ7w4\/AAAAAAAAAAI\/AAAAAAAAAAA\/ABtNlbCAQbUwSFQiSmGUG7EWo1Q4HLoh7Q\/s40-ba4-c0x00000000-cc-rp-mo\/photo.jpg","nome":"Marcos Souza","estrela":"4,0","comentario":"bom espa\u00e7o de festa infantil.","idperfil":"101575935289607796413","publicado":"31\/03\/2018"},"PF107055719149263626047":{"foto":"https:\/\/lh5.googleusercontent.com\/-kag14zshnQo\/AAAAAAAAAAI\/AAAAAAAAVLg\/hay792jSjg8\/s40-ba4-c0x00000000-cc-rp-mo\/photo.jpg","nome":"Nathy Fernandes","estrela":"5,0","comentario":"Buffet uma del\u00edcia. Por\u00e9m o espa\u00e7o \u00e9 pequeno.","idperfil":"107055719149263626047","publicado":"31\/08\/2018"},"PF104639912806489010544":{"foto":"https:\/\/lh4.googleusercontent.com\/-z7cDeKLagng\/AAAAAAAAAAI\/AAAAAAAAAAA\/ABtNlbB-L5jforoNnjsMxCmr1aCuolo_bg\/s40-c0x00000000-cc-rp-mo\/photo.jpg","nome":"valeria antonia de melo","estrela":"5,0","comentario":"Festa \u00f3timo. Buffet excelente. Funcion\u00e1rios atenciosos e prestativos.","idperfil":"104639912806489010544","publicado":"31\/07\/2018"},"PF115296618230330777354":{"foto":"https:\/\/lh5.googleusercontent.com\/-yfIOuMEv1iU\/AAAAAAAAAAI\/AAAAAAAAjy8\/cUyRhC4EDKw\/s40-ba2-c0x00000000-cc-rp-mo\/photo.jpg","nome":"Adriana Domingos Ferreira","estrela":"5,0","comentario":"Sal\u00e3o de festas super moderno e despojado. Eu e meu filho amamos o anivers\u00e1rio da  priminha l\u00e1 foi tudo maravilhoso. Equipe super prestativa e organizada. Adoraria voltar mais vezes.","idperfil":"115296618230330777354","publicado":"31\/12\/2017"},"PF104821386963236174896":{"foto":"https:\/\/lh3.googleusercontent.com\/-ohWFYi-odco\/AAAAAAAAAAI\/AAAAAAAABIw\/T8-7L07bCTI\/s40-ba3-c0x00000000-cc-rp-mo\/photo.jpg","nome":"Rodrigopretao 00","estrela":"5,0","comentario":"Lugar pra fazer festa infantil \u00e9 l\u00e1. Que estrutura sensacional. Que atendimento. Que alimenta\u00e7\u00e3o. Tudo perfeito.","idperfil":"104821386963236174896","publicado":"31\/05\/2018"},"PF100470881773766271084":{"foto":"https:\/\/lh4.googleusercontent.com\/-s3wtaNZR2r0\/AAAAAAAAAAI\/AAAAAAAAAAA\/ABtNlbCM4CKr8STCtA95kdzrulbW6bCo_Q\/s40-ba3-c0x00000000-cc-rp-mo\/photo.jpg","nome":"Emanoel Carvalho","estrela":"4,0","comentario":"O lugar \u00e9 bom, climatizado, pessoal que serve s\u00e3o muito atenciosos.<br>A \u00fanica dificuldade \u00e9 achar vaga para estacionar.","idperfil":"100470881773766271084","publicado":"31\/03\/2018"},"PF116100507349938533977":{"foto":"https:\/\/lh3.googleusercontent.com\/-JKf20vXv5U0\/AAAAAAAAAAI\/AAAAAAAAAAA\/ABtNlbCYfbLPKa8Ki4jIvkxRTFTwJwtaIg\/s40-c0x00000000-cc-rp-mo\/photo.jpg","nome":"Rogerio Corsino caldeira","estrela":"5,0","comentario":"No dia 28\/01 teve a festa de um ano do Bernardo filho da minha sobrinha e eu gostei muito do espa\u00e7o.","idperfil":"116100507349938533977","publicado":"03\/03\/2018"},"PF115663292622928698708":{"foto":"https:\/\/lh4.googleusercontent.com\/-_h7-Vu4XLDo\/AAAAAAAAAAI\/AAAAAAAAAAA\/ABtNlbDc3B5csRGHkFDw9KG0tezCF5I2KA\/s40-ba3-c0x00000000-cc-rp-mo\/photo.jpg","nome":"Jenifer Larissa Fernandes","estrela":"5,0","comentario":"Muito bonito, sofisticado e elegante!!<br>Tudo de estrema qualidade<br>Simplesmente sensacional, equipe de atendimento muito qualificada e prestativa, sem falar da simpatia!<br>Voc\u00eas est\u00e3o de parab\u00e9ns, o melhor buffet de BH","idperfil":"115663292622928698708","publicado":"31\/03\/2018"},"PF116706207556751667147":{"foto":"https:\/\/lh3.googleusercontent.com\/-fdvc2MV9FjQ\/AAAAAAAAAAI\/AAAAAAAAAAA\/ABtNlbBrxqOw9YHRkk1tIMOKyaAxG6h8TA\/s40-ba3-c0x00000000-cc-rp-mo\/photo.jpg","nome":"Moises Montevecchi","estrela":"3,0","comentario":"Lugar confort\u00e1vel, principalmente para festas de pequeno porte. Boa estrutura de brinquedos para as crian\u00e7as (que ali\u00e1s s\u00e3o o foco). A parte das mesas onde ficam os pais dificulta um pouco o acesso \u00e0s crian\u00e7as enquanto brincam. A alimenta\u00e7\u00e3o poderia ser melhor organizada se o local estiver cheio. \u00c9 bem localizado e uma op\u00e7\u00e3o interessante para o bairro.","idperfil":"116706207556751667147","publicado":"31\/03\/2018"},"PF111915300372800865641":{"foto":"https:\/\/lh4.googleusercontent.com\/-vqHi5oNfWIY\/AAAAAAAAAAI\/AAAAAAAAolI\/29jqnp3xoqI\/s40-ba3-c0x00000000-cc-rp-mo\/photo.jpg","nome":"Marcos Foscarini","estrela":"5,0","comentario":"Fizemos a festa de 2 anos do nosso filho neste local. Indico do in\u00edcio ao fim. Pessoal, atendimento, qualidade dos salgados e da comida. Bolo e doces tamb\u00e9m muito bons, e v\u00e1rios brinquedos para diferentes idades das crian\u00e7as. Realmente indico! N\u00e3o \u00e9 um valor baixo, mas acredito que vale cada centavo.","idperfil":"111915300372800865641","publicado":"31\/03\/2018"},"PF112240960996949116870":{"foto":"https:\/\/lh6.googleusercontent.com\/--yhB-K6nX60\/AAAAAAAAAAI\/AAAAAAAAR20\/4TRaDe__RXc\/s40-c0x00000000-cc-rp-mo\/photo.jpg","nome":"Ninameirelles Meirelles","estrela":"5,0","comentario":"Ambiente super legal...muito linda a decora\u00e7\u00e3o...atendimento maravilhoso","idperfil":"112240960996949116870","publicado":"31\/07\/2018"},"PF113560566493097397889":{"foto":"https:\/\/lh3.googleusercontent.com\/-NvWWExU8dGU\/AAAAAAAAAAI\/AAAAAAAAAAA\/ABtNlbAURVcSGrwTaXEnHGGsEsvhuw2Pdw\/s40-ba3-c0x00000000-cc-rp-mo\/photo.jpg","nome":"Ana Luiza Araujo Ferreira","estrela":"5,0","comentario":"Muito bom! \u00d3tima estrutura para festas, buffet impec\u00e1vel!","idperfil":"113560566493097397889","publicado":"31\/08\/2018"},"PF111309145909131778729":{"foto":"https:\/\/lh5.googleusercontent.com\/-n52a5El0W3Y\/AAAAAAAAAAI\/AAAAAAAAABU\/Zi7nOYklMVA\/s40-ba3-c0x00000000-cc-rp-mo\/photo.jpg","nome":"Renata Marques","estrela":"4,0","comentario":"\u00d3timo espa\u00e7o para festas... muito arejado... atendimento top!","idperfil":"111309145909131778729","publicado":"31\/07\/2018"},"PF105437439973887631802":{"foto":"https:\/\/lh4.googleusercontent.com\/-awfJ0nrLee4\/AAAAAAAAAAI\/AAAAAAAAAAA\/ABtNlbDfv4fqEPpq8Kg4t9Y7TKWsTm4gTQ\/s40-c0x00000000-cc-rp-mo\/photo.jpg","nome":"JULIANA SILVA","estrela":"5,0","comentario":"Uma unidade mais compacta que comporta bem uns 100 convidados. Brinquedos, monitores, buffet, equipe, decora\u00e7\u00e3o nota 1000. O \u00fanico ponto a desejar \u00e9 a dificuldade dos convidados em estacionar o carro pois a avenida \u00e9 bem movimentada e cheia de bares e restaurantes. Tenho \u00f3timas lembran\u00e7as da festa da minha filha. Sou f\u00e3 das duas unidades.","idperfil":"105437439973887631802","publicado":"31\/05\/2018"},"PF103783913224478138225":{"foto":"https:\/\/lh3.googleusercontent.com\/-L7C40SSPoo4\/AAAAAAAAAAI\/AAAAAAAAAEI\/FmP6cjNCqpc\/s40-ba4-c0x00000000-cc-rp-mo\/photo.jpg","nome":"Alexsander Aguiar","estrela":"5,0","comentario":"Melhor buffet infantil de BH! Ambiente espa\u00e7oso, com v\u00e1rios brinquedos para diversas faixas et\u00e1rias. Equipe muito profissional. Banheiros limpos durante todo o evento. Vale muito a pena realizar sua festa no buffet lets go. Extremamente satisfeito desde o planejamento at\u00e9 a realiza\u00e7\u00e3o do evento.","idperfil":"103783913224478138225","publicado":"31\/05\/2018"},"PF103241144862886083433":{"foto":"https:\/\/lh3.googleusercontent.com\/-8F7A7Rjr1QY\/AAAAAAAAAAI\/AAAAAAAAAAA\/ABtNlbBc3H68GztLe3vJ0lJ--QsAkisLqA\/s40-c0x00000000-cc-rp-mo\/photo.jpg","nome":"Janaina Giovanna","estrela":"5,0","comentario":"A equipe \u00e9 muito atenciosa. O buffet \u00e9 excelente e a \u00e1rea de brinquedos \u00e9 \u00f3tima. Recomendo!","idperfil":"103241144862886083433","publicado":"31\/08\/2018"},"PF104280739859267847839":{"foto":"https:\/\/lh4.googleusercontent.com\/-9XsOQPC7FR8\/AAAAAAAAAAI\/AAAAAAAAAAA\/ABtNlbAuFCdfCrnVWasZvh5pv3_gGT3ICA\/s40-ba2-c0x00000000-cc-rp-mo\/photo.jpg","nome":"Nathalia Pereira","estrela":"5,0","comentario":"Ambiente lindo, super convidativo para as crian\u00e7as, comida deliciosa, atendimento top e a decora\u00e7\u00e3o? Lind\u00edssima.","idperfil":"104280739859267847839","publicado":"01\/01\/1970"},"PF102243269013629645071":{"foto":"https:\/\/lh5.googleusercontent.com\/-D_qqJ8g3R8Y\/AAAAAAAAAAI\/AAAAAAAAAAA\/ABtNlbDXBaRJoNTuo4zGltkLVRRpiHGXcg\/s40-ba3-c0x00000000-cc-rp-mo\/photo.jpg","nome":"Quenia Oliveira Macedo","estrela":"5,0","comentario":"Gostei muito do buffet. O espa\u00e7o infantil \u00e9 muito bom. Em rela\u00e7\u00e3o ao espa\u00e7o n\u00e3o comporta muitas pessoas. Os salgados e doces s\u00e3o maravilhosos e bem servidos.","idperfil":"102243269013629645071","publicado":"31\/07\/2018"},"PF108676353472849107464":{"foto":"https:\/\/lh3.googleusercontent.com\/-tOrVgTMdUJc\/AAAAAAAAAAI\/AAAAAAAANjA\/fOdOUCdLt9Q\/s40-ba4-c0x00000000-cc-rp-mo\/photo.jpg","nome":"Lise Costa","estrela":"4,0","comentario":"Espa\u00e7o de festa infantil muito bom e completo e \u00f3timo servi\u00e7o de buffet. S\u00f3 n\u00e3o dou nota 5 por n\u00e3o ser central... \u00e9 \u00f3timo para quem \u00e9 do Castelo e regi\u00e3o... mas quem \u00e9 de outras regi\u00f5es da cidade \u00e9 bem desgastante para chegar e ir embora...","idperfil":"108676353472849107464","publicado":"01\/10\/2018"},"Dados":{"Total":"195","Paginas":20}}