{"PFevellyn_cruz_kathleen":{"foto":"https:\/\/scontent-gru2-1.xx.fbcdn.net\/v\/t1.0-1\/cp0\/e15\/q65\/c0.0.480.480\/p480x480\/30725793_1410077095804118_8127583458529640448_n.jpg?_nc_cat=103&efg=eyJpIjoidCJ9&_nc_ht=scontent-gru2-1.xx&oh=7ba7dec719f44b66629e67f913aff8c7&oe=5C79FB3D","nome":"Evellyn Cruz","estrela":"","operacao":" recomenda ","comentario":"Fiquei encantada com o trabalho, super recomendo.","idperfil":"https:\/\/www.facebook.com\/evellyn.cruz.kathleen","publicado":"07-11-2018 18:00"},"Dados":{"Total":"489","Proxima":"?graphql_id=UzpfSTEwMDAwNDA1NTIyNDg2ODoxNTk2MzExNDA3MTgwNjg1"}}