{"PFjacqueline_dutra_509":{"foto":"https:\/\/scontent-gru2-1.xx.fbcdn.net\/v\/t1.0-1\/cp0\/e15\/q65\/c2.0.480.480\/p480x480\/29572610_2083793911905823_2477247399085461937_n.jpg?_nc_cat=102&efg=eyJpIjoidCJ9&_nc_ht=scontent-gru2-1.xx&oh=63d0179623f687b7582dab0249fc77ed&oe=5C86249E","nome":"Jacqueline Dutra","estrela":"5","operacao":" recomenda ","comentario":"","idperfil":"https:\/\/www.facebook.com\/jacqueline.dutra.509","publicado":"02-12-2016 00:44"},"PFmarianikolesilva_leao":{"foto":"https:\/\/scontent-gru2-1.xx.fbcdn.net\/v\/t1.0-1\/cp0\/e15\/q65\/p480x480\/20664824_820064451506162_6719339050205507303_n.jpg?_nc_cat=105&efg=eyJpIjoidCJ9&_nc_ht=scontent-gru2-1.xx&oh=c2868032b993b4e31b1381abb99a6487&oe=5C83662F","nome":"Maria Nikole","estrela":"5","operacao":" recomenda ","comentario":"","idperfil":"https:\/\/www.facebook.com\/marianikolesilva.leao","publicado":"29-08-2017 11:05"},"PFrubens_ferreiradasilva_587":{"foto":"https:\/\/scontent-gru2-1.xx.fbcdn.net\/v\/t1.0-1\/cp0\/e15\/q65\/p480x480\/24068132_147834295978000_4420354481348515620_n.jpg?_nc_cat=102&efg=eyJpIjoidCJ9&_nc_ht=scontent-gru2-1.xx&oh=194a18fcaa5e3a8d0ad6e55dd9bb12d0&oe=5C472706","nome":"Rubens Ferreira Da Silva","estrela":"5","operacao":" recomenda ","comentario":"","idperfil":"https:\/\/www.facebook.com\/rubens.ferreiradasilva.587","publicado":"17-01-2018 11:03"},"PFgelson_programador":{"foto":"https:\/\/scontent-gru2-1.xx.fbcdn.net\/v\/t1.0-1\/cp0\/e15\/q65\/p480x480\/45209150_2218726041473126_3553469783942889472_n.jpg?_nc_cat=106&efg=eyJpIjoidCJ9&_nc_ht=scontent-gru2-1.xx&oh=770b3a2c38ba57716435cb9bca731470&oe=5C7828DE","nome":"Tainara S Junior","estrela":"5","operacao":" recomenda ","comentario":"...","idperfil":"https:\/\/www.facebook.com\/gelson.programador","publicado":"29-08-2018 02:09"},"PFsilvana_cardoso_798":{"foto":"https:\/\/scontent-gru2-1.xx.fbcdn.net\/v\/t1.0-1\/cp0\/e15\/q65\/c80.0.480.480\/p480x480\/38817134_10213411476264736_1640402165308588032_n.jpg?_nc_cat=109&efg=eyJpIjoidCJ9&_nc_ht=scontent-gru2-1.xx&oh=b2b7a1747157d0a33f2835f678161422&oe=5C7CD083","nome":"Silvana Oliva","estrela":"5","operacao":" recomenda ","comentario":"Buffet simplesmente Maravilhoso!<br \/> Pura compet\u00eancia!<br \/> Adorei!<br \/> Parab\u00e9ns","idperfil":"https:\/\/www.facebook.com\/silvana.cardoso.798","publicado":"03-12-2016 00:31"},"Dados":{"Total":"489","Proxima":"?graphql_id=UzpfSTEwMDAwODI1NzAzMTYxMjoxODMyNTI2OTI3MDMyNTI0OjA="}}