{"PFanapaula_carrossi":{"foto":"https:\/\/scontent-gru2-1.xx.fbcdn.net\/v\/t1.0-1\/cp0\/e15\/q65\/p480x480\/43007616_2105479309485840_3069720887180656640_n.jpg?_nc_cat=105&efg=eyJpIjoidCJ9&_nc_ht=scontent-gru2-1.xx&oh=e24027e3d8be1f4e95a39d068795210b&oe=5C3D74E1","nome":"Ana Paula Carrossi","estrela":"1","operacao":" doesn't recommend ","comentario":"","idperfil":"https:\/\/www.facebook.com\/anapaula.carrossi","publicado":"29-07-2013 04:36"},"PFcintiadiasmarques_penna":{"foto":"https:\/\/scontent-gru2-1.xx.fbcdn.net\/v\/t1.0-1\/cp0\/e15\/q65\/p480x480\/34339913_2013003108711252_5393072373526167552_n.jpg?_nc_cat=110&efg=eyJpIjoidCJ9&_nc_ht=scontent-gru2-1.xx&oh=298c63e3c4f9c996a822a46787b554b6&oe=5C80BE99","nome":"Cintia Dias Marques Penna","estrela":"5","operacao":" recomenda ","comentario":"","idperfil":"https:\/\/www.facebook.com\/cintiadiasmarques.penna","publicado":"04-08-2013 04:53"},"PFjosiane_valinas":{"foto":"https:\/\/scontent-gru2-1.xx.fbcdn.net\/v\/t1.0-1\/cp0\/e15\/q65\/p480x480\/45002928_1967754559941198_1771215238373310464_n.jpg?_nc_cat=109&efg=eyJpIjoidCJ9&_nc_ht=scontent-gru2-1.xx&oh=5f3adfe156e78b8a299b6051fa0b7278&oe=5C3F316E","nome":"Josiane Lasarino","estrela":"5","operacao":" recomenda ","comentario":"","idperfil":"https:\/\/www.facebook.com\/josiane.valinas","publicado":"07-08-2013 23:36"},"PFraissa_andradecampos":{"foto":"https:\/\/scontent-gru2-1.xx.fbcdn.net\/v\/t1.0-1\/cp0\/e15\/q65\/p480x480\/44990467_1365046916964797_1908625050492207104_n.jpg?_nc_cat=108&efg=eyJpIjoidCJ9&_nc_ht=scontent-gru2-1.xx&oh=3acc34d00d27739b7e94f12f98f34ab6&oe=5C75327C","nome":"Ra\u00edssa Andrade Campos","estrela":"5","operacao":" recomenda ","comentario":"","idperfil":"https:\/\/www.facebook.com\/raissa.andradecampos","publicado":"25-08-2013 06:57"},"PFfernandoleee":{"foto":"https:\/\/scontent-gru2-1.xx.fbcdn.net\/v\/t1.0-1\/cp0\/e15\/q65\/c0.20.180.180\/10458751_669669959779631_2221675631206422076_n.jpg?_nc_cat=104&efg=eyJpIjoidCJ9&_nc_ht=scontent-gru2-1.xx&oh=892fe1e93b38d84b375ad695f3188fda&oe=5C45478D","nome":"Fernando Augusto","estrela":"5","operacao":" recomenda ","comentario":"","idperfil":"https:\/\/www.facebook.com\/fernandoleee","publicado":"31-08-2013 06:58"},"PFcarina_teixeira_351":{"foto":"https:\/\/scontent-gru2-1.xx.fbcdn.net\/v\/t1.0-1\/cp0\/e15\/q65\/c1.0.480.480\/p480x480\/38814255_2340396442642708_5241692969823633408_n.jpg?_nc_cat=103&efg=eyJpIjoidCJ9&_nc_ht=scontent-gru2-1.xx&oh=8f59fe3b48b4b1fdf67c4e19f8e31977&oe=5C7E3DFA","nome":"Carina Teixeira de Souza","estrela":"5","operacao":" recomenda ","comentario":"","idperfil":"https:\/\/www.facebook.com\/carina.teixeira.351","publicado":"19-10-2013 18:50"},"PFluizafernanda_oliveirasantos":{"foto":"https:\/\/scontent-gru2-1.xx.fbcdn.net\/v\/t1.0-1\/cp0\/e15\/q65\/p480x480\/35077162_1766550550057230_6523896846920712192_n.jpg?_nc_cat=108&efg=eyJpIjoidCJ9&_nc_ht=scontent-gru2-1.xx&oh=e09094e642a1ddf421130a69bf68eca0&oe=5C80FC0E","nome":"Luiza Fernanda","estrela":"5","operacao":" recomenda ","comentario":"","idperfil":"https:\/\/www.facebook.com\/luizafernanda.oliveirasantos","publicado":"14-11-2013 00:49"},"PFsimone_ferraz_794":{"foto":"https:\/\/scontent-gru2-1.xx.fbcdn.net\/v\/t1.0-1\/cp0\/e15\/q65\/p480x480\/43680070_1551872381611732_4364868661836513280_n.jpg?_nc_cat=109&efg=eyJpIjoidCJ9&_nc_ht=scontent-gru2-1.xx&oh=4137de7424b3a313c1d3344fd503ab64&oe=5C829B73","nome":"Simone Ferraz","estrela":"3","operacao":" doesn't recommend ","comentario":"","idperfil":"https:\/\/www.facebook.com\/simone.ferraz.794","publicado":"02-02-2014 20:03"},"PFro_pinturafacial":{"foto":"https:\/\/scontent-gru2-1.xx.fbcdn.net\/v\/t1.0-1\/cp0\/e15\/q65\/p480x480\/32191268_10211718910993707_2787062062864400384_n.jpg?_nc_cat=107&efg=eyJpIjoidCJ9&_nc_ht=scontent-gru2-1.xx&oh=d394e43c06c17edf14268c0b611c3004&oe=5C3BEED4","nome":"Rosana Bal\u00f5es","estrela":"5","operacao":" recomenda ","comentario":"","idperfil":"https:\/\/www.facebook.com\/ro.pinturafacial","publicado":"13-03-2014 03:36"},"PFroney_otavio":{"foto":"https:\/\/scontent-gru2-1.xx.fbcdn.net\/v\/t1.0-1\/cp0\/e15\/q65\/p480x480\/37346145_1787623371292880_105598372336893952_n.jpg?_nc_cat=110&efg=eyJpIjoidCJ9&_nc_ht=scontent-gru2-1.xx&oh=ea6b55ccc1d0d07a0186991e62573ef4&oe=5C7FF7D5","nome":"Roney Ot\u00e1vio","estrela":"4","operacao":" recomenda ","comentario":"","idperfil":"https:\/\/www.facebook.com\/roney.otavio","publicado":"13-09-2017 05:37"},"PFlau_decastro_94":{"foto":"https:\/\/scontent-gru2-1.xx.fbcdn.net\/v\/t1.0-1\/cp0\/e15\/q65\/p480x480\/36627199_1784008908350506_1633351074549071872_n.jpg?_nc_cat=102&efg=eyJpIjoidCJ9&_nc_ht=scontent-gru2-1.xx&oh=5efb4faefef54bf66262461988c92e6a&oe=5C4CC368","nome":"Lau de Castro","estrela":"5","operacao":" recomenda ","comentario":"","idperfil":"https:\/\/www.facebook.com\/lau.decastro.94","publicado":"14-09-2017 18:15"},"PFgisa_martins_1":{"foto":"https:\/\/scontent-gru2-1.xx.fbcdn.net\/v\/t1.0-1\/cp0\/e15\/q65\/p480x480\/33784881_1655044531277129_6019345340484812800_n.jpg?_nc_cat=109&efg=eyJpIjoidCJ9&_nc_ht=scontent-gru2-1.xx&oh=a6d546316d6a9b84a7c8fcb4eabfa441&oe=5C4849A7","nome":"Gisa Martins","estrela":"5","operacao":" recomenda ","comentario":"","idperfil":"https:\/\/www.facebook.com\/gisa.martins.1","publicado":"17-09-2017 02:20"},"PFsuzana_franklin_9":{"foto":"https:\/\/scontent-gru2-1.xx.fbcdn.net\/v\/t1.0-1\/cp0\/e15\/q65\/p480x480\/17425997_1507479965964113_4754787033672658767_n.jpg?_nc_cat=101&efg=eyJpIjoidCJ9&_nc_ht=scontent-gru2-1.xx&oh=f0ed0c1e65c113eb817855a523058634&oe=5C43EF8F","nome":"Suzana Franklin","estrela":"5","operacao":" recomenda ","comentario":"","idperfil":"https:\/\/www.facebook.com\/suzana.franklin.9","publicado":"17-09-2017 11:34"},"PFraquel_machado_58958":{"foto":"https:\/\/scontent-gru2-1.xx.fbcdn.net\/v\/t1.0-1\/cp0\/e15\/q65\/p480x480\/30726286_1665304466891451_439387197469097984_n.jpg?_nc_cat=102&efg=eyJpIjoidCJ9&_nc_ht=scontent-gru2-1.xx&oh=90a227746f2cf3e997fd65af62a2193a&oe=5C4B398C","nome":"Raquel Machado","estrela":"5","operacao":" recomenda ","comentario":"","idperfil":"https:\/\/www.facebook.com\/raquel.machado.58958","publicado":"17-09-2017 17:55"},"PFWonderfestas":{"foto":"https:\/\/scontent-gru2-1.xx.fbcdn.net\/v\/t1.0-1\/cp0\/e15\/q65\/p480x480\/25396137_1108985342537494_3582935696966005797_n.jpg?_nc_cat=105&efg=eyJpIjoidCJ9&_nc_ht=scontent-gru2-1.xx&oh=08cddf87ae4fe9ad172ac4a2b898c40f&oe=5C79BEE6","nome":"Stella Thiago","estrela":"5","operacao":" recomenda ","comentario":"","idperfil":"https:\/\/www.facebook.com\/Wonderfestas","publicado":"18-09-2017 16:53"},"PFFernandaferocha":{"foto":"https:\/\/scontent-gru2-1.xx.fbcdn.net\/v\/t1.0-1\/cp0\/e15\/q65\/c0.0.480.480\/p480x480\/43626664_2149807341736772_8836204151282073600_n.jpg?_nc_cat=100&efg=eyJpIjoidCJ9&_nc_ht=scontent-gru2-1.xx&oh=56b0d88c0eb5aacdd4a167b510127098&oe=5C4146CB","nome":"Fernanda Rocha","estrela":"5","operacao":" recomenda ","comentario":"","idperfil":"https:\/\/www.facebook.com\/Fernandaferocha","publicado":"18-09-2017 17:27"},"PFleila_pevidormiotto":{"foto":"https:\/\/scontent-gru2-1.xx.fbcdn.net\/v\/t1.0-1\/cp0\/e15\/q65\/p480x480\/44052901_1987139828045349_1775823519238586368_n.jpg?_nc_cat=101&efg=eyJpIjoidCJ9&_nc_ht=scontent-gru2-1.xx&oh=ee04ab95abf2a502ba60d55de5be0672&oe=5C768973","nome":"Leila Pevidor Miotto","estrela":"5","operacao":" recomenda ","comentario":"","idperfil":"https:\/\/www.facebook.com\/leila.pevidormiotto","publicado":"18-09-2017 17:57"},"PFkarolzinha_viana_79":{"foto":"https:\/\/scontent-gru2-1.xx.fbcdn.net\/v\/t1.0-1\/cp0\/e15\/q65\/p480x480\/41512501_1446366052133661_5236828932245815296_n.jpg?_nc_cat=104&efg=eyJpIjoidCJ9&_nc_ht=scontent-gru2-1.xx&oh=42800caf13472f0dd7c290eda58c7fdf&oe=5C4C2206","nome":"Karolzinha Viana","estrela":"4","operacao":" recomenda ","comentario":"","idperfil":"https:\/\/www.facebook.com\/karolzinha.viana.79","publicado":"24-09-2017 03:15"},"PFmary_costa_965":{"foto":"https:\/\/scontent-gru2-1.xx.fbcdn.net\/v\/t1.0-1\/cp0\/e15\/q65\/p480x480\/45000559_2180837295283247_3976890122661527552_n.jpg?_nc_cat=104&efg=eyJpIjoidCJ9&_nc_ht=scontent-gru2-1.xx&oh=597ac62310db6f84be17f29bff9f49a4&oe=5C7CA3A5","nome":"Mary Samos","estrela":"5","operacao":" recomenda ","comentario":"","idperfil":"https:\/\/www.facebook.com\/mary.costa.965","publicado":"29-09-2017 01:56"},"PFveruska_sales_3":{"foto":"https:\/\/scontent-gru2-1.xx.fbcdn.net\/v\/t1.0-1\/cp0\/e15\/q65\/c0.0.222.222\/26733787_1528999937178249_3430339998199941368_n.jpg?_nc_cat=107&efg=eyJpIjoidCJ9&_nc_ht=scontent-gru2-1.xx&oh=495c5f81f6c731ad352bf371ffdffad7&oe=5C3D2CF2","nome":"Veruska Sales","estrela":"5","operacao":" recomenda ","comentario":"","idperfil":"https:\/\/www.facebook.com\/veruska.sales.3","publicado":"04-10-2017 20:12"},"PFlene_rocha_75":{"foto":"https:\/\/scontent-gru2-1.xx.fbcdn.net\/v\/t1.0-1\/fr\/cp0\/e15\/q65\/44474637_1738624256247824_8629183046827900928_n.jpg?_nc_cat=100&efg=eyJpIjoidCJ9&_nc_ht=scontent-gru2-1.xx&oh=061a0ac9652030ee60d0c05d0f70a228&oe=5C42A867","nome":"Lene Rocha","estrela":"5","operacao":" recomenda ","comentario":"","idperfil":"https:\/\/www.facebook.com\/lene.rocha.75","publicado":"10-10-2017 03:46"},"PFjuliana_b_rocha":{"foto":"https:\/\/scontent-gru2-1.xx.fbcdn.net\/v\/t1.0-1\/cp0\/e15\/q65\/c0.3.241.241\/184156_1963850268398_2138135_n.jpg?_nc_cat=107&efg=eyJpIjoidCJ9&_nc_ht=scontent-gru2-1.xx&oh=d6fca1c9e9503bd7516837a2a2596764&oe=5C873FAB","nome":"Juliana Barreto Rocha","estrela":"2","operacao":" doesn't recommend ","comentario":"","idperfil":"https:\/\/www.facebook.com\/juliana.b.rocha","publicado":"14-10-2017 03:27"},"PFpatricia_dinizdesouza_5":{"foto":"https:\/\/scontent-gru2-1.xx.fbcdn.net\/v\/t1.0-1\/cp0\/e15\/q65\/p480x480\/32264382_1005174142966934_9221353685693497344_n.jpg?_nc_cat=109&efg=eyJpIjoidCJ9&_nc_ht=scontent-gru2-1.xx&oh=b56c294f716831151badcd9c4e085a21&oe=5C7D3C50","nome":"Patr\u00edcia Diniz de Souza","estrela":"5","operacao":" recomenda ","comentario":"","idperfil":"https:\/\/www.facebook.com\/patricia.dinizdesouza.5","publicado":"30-10-2017 23:49"},"PFwarley_b_s":{"foto":"https:\/\/scontent-gru2-1.xx.fbcdn.net\/v\/t1.0-1\/cp0\/e15\/q65\/c0.0.480.480\/p480x480\/43505746_1547368738742616_4980533025214300160_n.jpg?_nc_cat=106&efg=eyJpIjoidCJ9&_nc_ht=scontent-gru2-1.xx&oh=f31cf1ab0e83ceeafd3f698c8fd352d3&oe=5C4BA98C","nome":"Warley Santos","estrela":"5","operacao":" recomenda ","comentario":"","idperfil":"https:\/\/www.facebook.com\/warley.b.s","publicado":"06-12-2017 23:41"},"PFlu_marcano":{"foto":"https:\/\/scontent-gru2-1.xx.fbcdn.net\/v\/t1.0-1\/cp0\/e15\/q65\/p480x480\/44748477_1828280397241295_5758924211854770176_n.jpg?_nc_cat=111&efg=eyJpIjoidCJ9&_nc_ht=scontent-gru2-1.xx&oh=e455682516e76367aa3ace6fa2f5c74a&oe=5C3F4298","nome":"L\u00fa Mar\u00e7ano","estrela":"4","operacao":" recomenda ","comentario":"","idperfil":"https:\/\/www.facebook.com\/lu.marcano","publicado":"30-12-2017 10:00"},"PFdaniellevirtual":{"foto":"https:\/\/scontent-gru2-1.xx.fbcdn.net\/v\/t1.0-1\/cp0\/e15\/q65\/p480x480\/44695999_2510114415668798_4375790798029979648_n.jpg?_nc_cat=107&efg=eyJpIjoidCJ9&_nc_ht=scontent-gru2-1.xx&oh=aac327b687afbbe4775abe13e3d9f712&oe=5C7FF2FB","nome":"Danielle Rebula","estrela":"5","operacao":" recomenda ","comentario":"","idperfil":"https:\/\/www.facebook.com\/daniellevirtual","publicado":"07-01-2018 16:19"},"PFeduardo_scotti":{"foto":"https:\/\/scontent-gru2-1.xx.fbcdn.net\/v\/t1.0-1\/cp0\/e15\/q65\/p480x480\/15355711_1428494027168423_8547731543087023619_n.jpg?_nc_cat=106&efg=eyJpIjoidCJ9&_nc_ht=scontent-gru2-1.xx&oh=d6b7155f718fe9bfbc90211f0e9d7127&oe=5C7F80B0","nome":"Eduardo Scotti","estrela":"5","operacao":" recomenda ","comentario":"","idperfil":"https:\/\/www.facebook.com\/eduardo.scotti","publicado":"16-02-2018 15:21"},"PFanaflavialisboa00":{"foto":"https:\/\/scontent-gru2-1.xx.fbcdn.net\/v\/t1.0-1\/cp0\/e15\/q65\/p480x480\/13312917_1188652351145132_300640268238378639_n.jpg?_nc_cat=103&efg=eyJpIjoidCJ9&_nc_ht=scontent-gru2-1.xx&oh=082c582bea2397213f78b7e445da87bb&oe=5C7EA4A7","nome":"Ana Fl\u00e1via Lisboa","estrela":"1","operacao":" doesn't recommend ","comentario":"","idperfil":"https:\/\/www.facebook.com\/anaflavialisboa00","publicado":"24-03-2018 03:49"},"PFcarine_moura_1426":{"foto":"https:\/\/scontent-gru2-1.xx.fbcdn.net\/v\/t1.0-1\/cp0\/e15\/q65\/p480x480\/37296631_2221873334708288_3249395926271262720_n.jpg?_nc_cat=104&efg=eyJpIjoidCJ9&_nc_ht=scontent-gru2-1.xx&oh=4796d28974b8bbaf71018ec451466028&oe=5C45E966","nome":"Carine Moura","estrela":"5","operacao":" recomenda ","comentario":"","idperfil":"https:\/\/www.facebook.com\/carine.moura.1426","publicado":"25-03-2018 22:37"},"PFandrea_viana_1042":{"foto":"https:\/\/scontent-gru2-1.xx.fbcdn.net\/v\/t1.0-1\/cp0\/e15\/q65\/c0.0.480.480\/p480x480\/44034950_2175093605856319_8471174129175756800_n.jpg?_nc_cat=104&efg=eyJpIjoidCJ9&_nc_ht=scontent-gru2-1.xx&oh=d9eb250c5fdc723ad0bb03cf100049b6&oe=5C8AA9DF","nome":"Andrea Viana","estrela":"4","operacao":" recomenda ","comentario":"","idperfil":"https:\/\/www.facebook.com\/andrea.viana.1042","publicado":"26-03-2018 04:33"},"PFellen_jabuor":{"foto":"https:\/\/scontent-gru2-1.xx.fbcdn.net\/v\/t1.0-1\/cp0\/e15\/q65\/p480x480\/42194255_1508832599216234_6454017213618716672_n.jpg?_nc_cat=110&efg=eyJpIjoidCJ9&_nc_ht=scontent-gru2-1.xx&oh=83bd3247f877f3a077c7af0570222933&oe=5C46FCF4","nome":"Ellen Jabuor","estrela":"5","operacao":" recomenda ","comentario":"","idperfil":"https:\/\/www.facebook.com\/ellen.jabuor","publicado":"06-04-2018 11:54"},"PFjeaneaparecida_moraes_7":{"foto":"https:\/\/scontent-gru2-1.xx.fbcdn.net\/v\/t1.0-1\/cp0\/e15\/q65\/c0.0.480.480\/p480x480\/45144616_579275375836585_1662789304381865984_n.jpg?_nc_cat=107&efg=eyJpIjoidCJ9&_nc_ht=scontent-gru2-1.xx&oh=3f70352c3db963fb10d3727522c07151&oe=5C44C7CA","nome":"Jeane Aparecida Moraes","estrela":"5","operacao":" recomenda ","comentario":"","idperfil":"https:\/\/www.facebook.com\/jeaneaparecida.moraes.7","publicado":"13-04-2018 05:44"},"PFalexandrameireles_carvalho":{"foto":"https:\/\/scontent-gru2-1.xx.fbcdn.net\/v\/t1.0-1\/cp0\/e15\/q65\/p480x480\/36800247_2075373325838084_3365848690282463232_n.jpg?_nc_cat=100&efg=eyJpIjoidCJ9&_nc_ht=scontent-gru2-1.xx&oh=abaee62ded5f67d07d6a19fc5fc92c62&oe=5C43E495","nome":"Alexandra Meireles Faria","estrela":"5","operacao":" recomenda ","comentario":"","idperfil":"https:\/\/www.facebook.com\/alexandrameireles.carvalho","publicado":"16-04-2018 23:55"},"PFandreiaspteles":{"foto":"https:\/\/scontent-gru2-1.xx.fbcdn.net\/v\/t1.0-1\/cp0\/e15\/q65\/p480x480\/40748406_2041854439211852_2356811789842251776_n.jpg?_nc_cat=103&efg=eyJpIjoidCJ9&_nc_ht=scontent-gru2-1.xx&oh=70b0f6472fe2d61f27ff0dbd86b1efb6&oe=5C846E1E","nome":"Andreia Teles","estrela":"5","operacao":" recomenda ","comentario":"","idperfil":"https:\/\/www.facebook.com\/andreiaspteles","publicado":"07-07-2018 01:36"},"PFnayaralivea":{"foto":"https:\/\/scontent-gru2-1.xx.fbcdn.net\/v\/t1.0-1\/cp0\/e15\/q65\/p480x480\/22449608_1573857039303925_2905805900009151454_n.jpg?_nc_cat=102&efg=eyJpIjoidCJ9&_nc_ht=scontent-gru2-1.xx&oh=9a0b782f764876e2ff24bc2bda461d9e&oe=5C45F873","nome":"Nayara Suzano","estrela":"5","operacao":" recomenda ","comentario":"","idperfil":"https:\/\/www.facebook.com\/nayaralivea","publicado":"10-08-2018 12:37"},"PFOPENBARBH":{"foto":"https:\/\/scontent-gru2-1.xx.fbcdn.net\/v\/t1.0-1\/cp0\/e15\/q65\/c208.3.474.474\/p480x480\/10269422_509062335887368_7397040955595671561_n.jpg?_nc_cat=106&efg=eyJpIjoidCJ9&_nc_ht=scontent-gru2-1.xx&oh=e7374282d286132e4a0f3e5c38824e26&oe=5C75381C","nome":"Openbarbh Drinks","estrela":"5","operacao":" recomenda ","comentario":"Espa\u00e7o perfeito!!!!<br \/> Equipe super profissional!!!<br \/> Tudo nota mil!!!!","idperfil":"https:\/\/www.facebook.com\/OPENBARBH","publicado":"12-09-2017 19:31"},"PFpaulomarciodos_santos_5":{"foto":"https:\/\/scontent-gru2-1.xx.fbcdn.net\/v\/t1.0-1\/cp0\/e15\/q65\/p480x480\/20108095_933216053482901_6434745984680408805_n.jpg?_nc_cat=107&efg=eyJpIjoidCJ9&_nc_ht=scontent-gru2-1.xx&oh=1474a06448ff792488d9268c07d75d43&oe=5C4761A8","nome":"Paulo M\u00e1rcio Dos Santos","estrela":"5","operacao":" recomenda ","comentario":"A Casa de Festas de BH que todos devem conhecer, simplesmente excelente!!!","idperfil":"https:\/\/www.facebook.com\/paulomarciodos.santos.5","publicado":"18-09-2017 17:21"},"PFjanaina_s_simoes":{"foto":"https:\/\/scontent-gru2-1.xx.fbcdn.net\/v\/t1.0-1\/cp0\/e15\/q65\/p480x480\/20798987_1751409381554181_6738361687588648902_n.jpg?_nc_cat=110&efg=eyJpIjoidCJ9&_nc_ht=scontent-gru2-1.xx&oh=34200e994b2584f14ea96d12e4f13f59&oe=5C831F36","nome":"Jana\u00edna Sim\u00f5es","estrela":"5","operacao":" recomenda ","comentario":"Simplesmente encantada com o atendimento antes, durante e depois da minha festa. Tudo impec\u00e1vel, funcion\u00e1rios trabalhando felizes e num clima que contagiava os convidados. Super recomendo e voltarei mais vezes. Foi inesquec\u00edvel!!!","idperfil":"https:\/\/www.facebook.com\/janaina.s.simoes","publicado":"18-09-2017 18:33"},"PFmilenemfs":{"foto":"https:\/\/scontent-gru2-1.xx.fbcdn.net\/v\/t1.0-1\/cp0\/e15\/q65\/c2.0.480.480\/p480x480\/43878022_2037392276317936_286507505855496192_n.jpg?_nc_cat=110&efg=eyJpIjoidCJ9&_nc_ht=scontent-gru2-1.xx&oh=7a584a47e20870c4b25c984a370f0bcf&oe=5C8847DB","nome":"Milene Machado Franklin Santos","estrela":"5","operacao":" recomenda ","comentario":"PERFEITO!!!!!!! Amei tudo\ufffd\ufffd\ufffd <br \/> A Luciana \u00e9 TOPPPPPPP\ufffd\ufffd\ufffd<br \/> E a minha festa foi inesquec\u00edvel\ufffd\ufffd\ufffd","idperfil":"https:\/\/www.facebook.com\/milenemfs","publicado":"17-09-2017 02:09"},"PFcaroline_castro_12914":{"foto":"https:\/\/scontent-gru2-1.xx.fbcdn.net\/v\/t1.0-1\/cp0\/e15\/q65\/p480x480\/39121321_1969486953115431_2019749336342069248_n.jpg?_nc_cat=110&efg=eyJpIjoidCJ9&_nc_ht=scontent-gru2-1.xx&oh=987b895501e26e25101cf69228f9c047&oe=5C7EA700","nome":"Caroline Castro","estrela":"5","operacao":" recomenda ","comentario":"Tudo perfeito, desde a primeira visita at\u00e9 o final da festa, a preocupa\u00e7\u00e3o deles com todos os detalhes, a comida maravilhosa, o espa\u00e7o, os brinquedos e os monitores s\u00e3o excelentes, amamos tudo!","idperfil":"https:\/\/www.facebook.com\/caroline.castro.12914","publicado":"27-10-2017 18:20"},"PFrutegaspar_dearaujo":{"foto":"https:\/\/scontent-gru2-1.xx.fbcdn.net\/v\/t1.0-1\/cp0\/e15\/q65\/p480x480\/37005275_1691484330969332_2015814613722988544_n.jpg?_nc_cat=104&efg=eyJpIjoidCJ9&_nc_ht=scontent-gru2-1.xx&oh=db1ad73bcdd987cfb8a32f06a713adf2&oe=5C8A3F20","nome":"Rute Gaspar de Araujo","estrela":"5","operacao":" recomenda ","comentario":"Amei a festa da minha filha ,foi tudo muito bom ,lindo,equipe educada e dedicada, buffet muito bom.","idperfil":"https:\/\/www.facebook.com\/rutegaspar.dearaujo","publicado":"06-02-2018 22:23"},"PFcristiane_duarte_92317":{"foto":"https:\/\/scontent-gru2-1.xx.fbcdn.net\/v\/t1.0-1\/cp0\/e15\/q65\/p480x480\/42649416_1101284983382866_8575666057807659008_n.jpg?_nc_cat=111&efg=eyJpIjoidCJ9&_nc_ht=scontent-gru2-1.xx&oh=7df5bfd8760501a3e69dddda328b869f&oe=5C415B9D","nome":"Cristiane Duarte","estrela":"5","operacao":" recomenda ","comentario":"Amei \u00e0 festa dos filhos dos meus amigos Camila e Luciano. Tudo lindo, buffet perfeito, servi\u00e7o maravilhoso. Brinquedos excelentes tudo extremamente perfeito vcs est\u00e3o de PARAB\u00c9NS. \ufffd\ufffd\ufffd","idperfil":"https:\/\/www.facebook.com\/cristiane.duarte.92317","publicado":"31-10-2017 15:31"},"PFLuciodecastroneto":{"foto":"https:\/\/scontent-gru2-1.xx.fbcdn.net\/v\/t1.0-1\/fr\/cp0\/e15\/q65\/42696577_2717963488229749_5633832451840147456_n.jpg?_nc_cat=101&efg=eyJpIjoidCJ9&_nc_ht=scontent-gru2-1.xx&oh=0d54b32942db18e75cbff89b9389edeb&oe=5C488485","nome":"L\u00facio De Castro Neto","estrela":"5","operacao":" recomenda ","comentario":"Melhor casa de BH com uma infraestrutura sem igual e uma equipe super animada!!!","idperfil":"https:\/\/www.facebook.com\/Luciodecastroneto","publicado":"15-01-2018 14:24"},"PF100011422313131":{"foto":"https:\/\/scontent-gru2-1.xx.fbcdn.net\/v\/t1.0-1\/cp0\/e15\/q65\/c0.0.480.480\/p480x480\/28277075_661216730935731_5310239432963142823_n.jpg?_nc_cat=100&efg=eyJpIjoidCJ9&_nc_ht=scontent-gru2-1.xx&oh=a9d883f658cb28a2e531bf30b50d51f1&oe=5C47E999","nome":"Neffer Vilar","estrela":"5","operacao":" recomenda ","comentario":"Perfeito","idperfil":"https:\/\/www.facebook.com\/100011422313131","publicado":"11-06-2018 22:15"},"PFcarla_patricia_1485537":{"foto":"https:\/\/scontent-gru2-1.xx.fbcdn.net\/v\/t1.0-1\/cp0\/e15\/q65\/p480x480\/40973674_1200650646750594_5289291863277174784_n.jpg?_nc_cat=109&efg=eyJpIjoidCJ9&_nc_ht=scontent-gru2-1.xx&oh=84479278fa858e83b6736c3dc7b63f71&oe=5C8338BC","nome":"Carla Patricia","estrela":"5","operacao":" recomenda ","comentario":"Parab\u00e9ns tudo lindo amei! festas maravilhosas, tudo muito bem decorado!!","idperfil":"https:\/\/www.facebook.com\/carla.patricia.1485537","publicado":"16-04-2018 03:33"},"PFraphaelacssoares":{"foto":"https:\/\/scontent-gru2-1.xx.fbcdn.net\/v\/t1.0-1\/cp0\/e15\/q65\/p480x480\/23659464_10203887368900491_7605354295391898421_n.jpg?_nc_cat=102&efg=eyJpIjoidCJ9&_nc_ht=scontent-gru2-1.xx&oh=b8e1d9b1aeded9d1e74096fc1891fa20&oe=5C41915D","nome":"Raphaela Soares","estrela":"","operacao":" recomenda ","comentario":"Super recomendo,  tudo de primeira qualidade. <br \/> Ah melhor festa que j\u00e1 fui...","idperfil":"https:\/\/www.facebook.com\/raphaelacssoares","publicado":"14-04-2018 15:44"},"PFrenilce":{"foto":"https:\/\/scontent-gru2-1.xx.fbcdn.net\/v\/t1.0-1\/cp0\/e15\/q65\/p480x480\/44381610_2013779128688990_5775100669304242176_n.jpg?_nc_cat=101&efg=eyJpIjoidCJ9&_nc_ht=scontent-gru2-1.xx&oh=c81e6f77062d0085ea270163f8725134&oe=5C8487CC","nome":"Renilce Maria","estrela":"","operacao":" recomenda ","comentario":"\u00f3timo espa\u00e7o para festas e comemora\u00e7\u00f5es!!!!","idperfil":"https:\/\/www.facebook.com\/renilce","publicado":"13-08-2018 01:58"},"PFmichelle_inovareventos":{"foto":"https:\/\/scontent-gru2-1.xx.fbcdn.net\/v\/t1.0-1\/cp0\/e15\/q65\/p480x480\/40330037_10215502372739818_5155469358167752704_n.jpg?_nc_cat=106&efg=eyJpIjoidCJ9&_nc_ht=scontent-gru2-1.xx&oh=b690c04919ade29190fb252b6e5243a9&oe=5C4ADE73","nome":"Michelle Santos Reis Emediato","estrela":"5","operacao":" recomenda ","comentario":"Melhor festa das nossas vidas! Muito bem servido, todos os convidados amaram o buffet!","idperfil":"https:\/\/www.facebook.com\/michelle.inovareventos","publicado":"31-01-2018 13:46"},"PFjanaina_g_torres":{"foto":"https:\/\/scontent-gru2-1.xx.fbcdn.net\/v\/t1.0-1\/cp0\/e15\/q65\/p480x480\/23844843_10155089003522584_2229585816594393823_n.jpg?_nc_cat=106&efg=eyJpIjoidCJ9&_nc_ht=scontent-gru2-1.xx&oh=de43bd7393ad6e3753fea19532ce3cd4&oe=5C457039","nome":"Janaina Grossi Schettini","estrela":"5","operacao":" recomenda ","comentario":"Equipe muito atenciosa.  O buffet \u00e9 excelente, com doces e salgados gostosos e muito bem servidos. A \u00e1rea de brinquedos \u00e9 \u00f3tima.  Recomendo!","idperfil":"https:\/\/www.facebook.com\/janaina.g.torres","publicado":"13-08-2018 21:06"},"Dados":{"Total":"489","Proxima":"?graphql_id=UzpfSTEwMDAwMDcxMzczOTUyOTo2NDc1NjUyNjUyNzcyNTk6MA=="}}