{"PFclaudia_ronise_7":{"foto":"https:\/\/scontent-gru2-1.xx.fbcdn.net\/v\/t1.0-1\/cp0\/e15\/q65\/p480x480\/12961521_584649341698478_613349105158032573_n.jpg?_nc_cat=107&efg=eyJpIjoidCJ9&_nc_ht=scontent-gru2-1.xx&oh=f554f1002067f2eb4c29cd68c34cb30e&oe=5C4CF6D6","nome":"Claudia Ronise","estrela":"5","operacao":" recomenda ","comentario":"","idperfil":"https:\/\/www.facebook.com\/claudia.ronise.7","publicado":"17-04-2017 21:56"},"PFanapaula_salej":{"foto":"https:\/\/scontent-gru2-1.xx.fbcdn.net\/v\/t1.0-1\/cp0\/e15\/q65\/c80.0.480.480\/p480x480\/44963627_10216921077643545_8177438154706386944_n.jpg?_nc_cat=111&efg=eyJpIjoidCJ9&_nc_ht=scontent-gru2-1.xx&oh=6253ccf6fce56a08c9b9b707c0ddb2c5&oe=5C8A463E","nome":"Ana Paula Salej","estrela":"4","operacao":" recomenda ","comentario":"","idperfil":"https:\/\/www.facebook.com\/anapaula.salej","publicado":"05-07-2017 03:53"},"PFaldalucia_cruz":{"foto":"https:\/\/scontent-gru2-1.xx.fbcdn.net\/v\/t1.0-1\/cp0\/e15\/q65\/p480x480\/29343027_1015464615277965_7331217073546199040_n.jpg?_nc_cat=103&efg=eyJpIjoidCJ9&_nc_ht=scontent-gru2-1.xx&oh=5e94aa8dcd5f945f55b8a9071cd60d71&oe=5C7CB03F","nome":"Alda Lucia C","estrela":"5","operacao":" recomenda ","comentario":"","idperfil":"https:\/\/www.facebook.com\/aldalucia.cruz","publicado":"30-03-2018 01:59"},"Dados":{"Total":"489","Proxima":"?graphql_id=UzpfSTEzNjM1OTM5NjQ6MTAyMTMwMzU5NzMxMTgzNjA6MA=="}}