{"PFcamilastefanysoares":{"foto":"https:\/\/scontent-gru2-1.xx.fbcdn.net\/v\/t1.0-1\/cp0\/e15\/q65\/p480x480\/17021820_1460268510684288_3705742438497997410_n.jpg?_nc_cat=105&efg=eyJpIjoidCJ9&_nc_ht=scontent-gru2-1.xx&oh=2e78d78deaf03dd0fa1e33bc3736b181&oe=5C82187A","nome":"Camila Souza","estrela":"5","operacao":" recomenda ","comentario":"","idperfil":"https:\/\/www.facebook.com\/camilastefanysoares","publicado":"06-03-2014 02:10"},"PFkathleen_sady":{"foto":"https:\/\/scontent-gru2-1.xx.fbcdn.net\/v\/t1.0-1\/cp0\/e15\/q65\/c0.9.480.480\/p480x480\/16508173_1038297289610135_5265798113724349540_n.jpg?_nc_cat=100&efg=eyJpIjoidCJ9&_nc_ht=scontent-gru2-1.xx&oh=161fa8e553041c40dca597345888a5af&oe=5C7A5022","nome":"Kathleen Sady","estrela":"5","operacao":" recomenda ","comentario":"","idperfil":"https:\/\/www.facebook.com\/kathleen.sady","publicado":"03-04-2014 06:19"},"PFlucilene_santos_52206":{"foto":"https:\/\/scontent-gru2-1.xx.fbcdn.net\/v\/t1.0-1\/cp0\/e15\/q65\/c187.0.480.480\/p480x480\/44747936_1953745351331024_5242295824318201856_n.jpg?_nc_cat=105&efg=eyJpIjoidCJ9&_nc_ht=scontent-gru2-1.xx&oh=282c191f7830d4f580e313d5a3280a69&oe=5C7FF78B","nome":"Lucilene Santos","estrela":"1","operacao":" doesn't recommend ","comentario":"Oi F\u00e1bio estou te mandando mensagem e n\u00e3o recebi seu retorno vc trocou de n\u00famero de telefone?????","idperfil":"https:\/\/www.facebook.com\/lucilene.santos.52206","publicado":"13-03-2014 02:37"},"PFgiselle_carmo_96":{"foto":"https:\/\/scontent-gru2-1.xx.fbcdn.net\/v\/t1.0-1\/cp0\/e15\/q65\/p480x480\/13015667_10208965320756038_8604944038428472950_n.jpg?_nc_cat=109&efg=eyJpIjoidCJ9&_nc_ht=scontent-gru2-1.xx&oh=558f0c5987d58e3daabf65f47f8025b6&oe=5C4BC815","nome":"Giselle Carmo","estrela":"5","operacao":" recomenda ","comentario":"","idperfil":"https:\/\/www.facebook.com\/giselle.carmo.96","publicado":"05-02-2014 20:02"},"PF100000609913650":{"foto":"https:\/\/scontent-gru2-1.xx.fbcdn.net\/v\/t1.0-1\/cp0\/e15\/q65\/c0.0.480.480\/p480x480\/43950389_2174760902554219_708917835769839616_n.jpg?_nc_cat=104&efg=eyJpIjoidCJ9&_nc_ht=scontent-gru2-1.xx&oh=a57777e45e782af0be2f60b8311d52a6&oe=5C41BFF9","nome":"Gabriela Andrade","estrela":"1","operacao":" doesn't recommend ","comentario":"","idperfil":"https:\/\/www.facebook.com\/100000609913650","publicado":"08-02-2014 10:30"},"PFkatia_ferreiraD":{"foto":"https:\/\/scontent-gru2-1.xx.fbcdn.net\/v\/t1.0-1\/cp0\/e15\/q65\/p480x480\/45137753_1855857871199846_1101540901039112192_n.jpg?_nc_cat=105&efg=eyJpIjoidCJ9&_nc_ht=scontent-gru2-1.xx&oh=a5fba529e6082c1b6f3c7c7bdc74df5c&oe=5C7A14E6","nome":"Katia Ferreira","estrela":"5","operacao":" recomenda ","comentario":"","idperfil":"https:\/\/www.facebook.com\/katia.ferreiraD","publicado":"26-02-2014 14:20"},"Dados":{"Total":"489","Proxima":"?page_id=357447107619776&start_cursor=%7B%22recommendations_post_cursor%22%3A%22%7B%5C%22in_progresscursor_type%5C%22%3A%5C%22open_graph_and_page_rec%5C%22%2C%5C%22local_rec_pattern_cursor%5C%22%3A%5C%22%5C%22%2C%5C%22rating_cursor%5C%22%3A%5C%22%5C%22%2C%5C%22offline_offset%5C%22%3A-1%2C%5C%22og_post_cursor%5C%22%3A%5C%227%3ANTozNTc0NDcxMDc2MTk3NzY6MTAwMDAxMDM0NTgzMzM5%3A%5C%22%7D%22%7D&num_to_fetch=4&surface_type=page_recommendations_tab"}}