{"PFkelly_d_regis":{"foto":"https:\/\/scontent-gru2-1.xx.fbcdn.net\/v\/t1.0-1\/cp0\/e15\/q65\/p480x480\/34687007_1026960907458295_6429890810359054336_n.jpg?_nc_cat=100&efg=eyJpIjoidCJ9&_nc_ht=scontent-gru2-1.xx&oh=1f6faa26bcdfda64c8351fbc0aa68984&oe=5C3D0697","nome":"Kelly Danese","estrela":"5","operacao":" recomenda ","comentario":"","idperfil":"https:\/\/www.facebook.com\/kelly.d.regis","publicado":"03-04-2014 17:57"},"PFrosangela_ciotto":{"foto":"https:\/\/scontent-gru2-1.xx.fbcdn.net\/v\/t1.0-1\/cp0\/e15\/q65\/p480x480\/14915612_1021855744603223_6765457232096064998_n.jpg?_nc_cat=111&efg=eyJpIjoidCJ9&_nc_ht=scontent-gru2-1.xx&oh=2d92dd237e844a7caaf3aaf8a571e13a&oe=5C810F0D","nome":"Rosangela Ciotto","estrela":"5","operacao":" recomenda ","comentario":"","idperfil":"https:\/\/www.facebook.com\/rosangela.ciotto","publicado":"24-04-2014 22:09"},"PFmariadelourdes_costa_96592":{"foto":"https:\/\/scontent-gru2-1.xx.fbcdn.net\/v\/t1.0-1\/cp0\/e15\/q65\/p480x480\/10653278_1553929561493637_1767707838718489136_n.jpg?_nc_cat=106&efg=eyJpIjoidCJ9&_nc_ht=scontent-gru2-1.xx&oh=f98c7018fdfae031bf6a3a847b6d6556&oe=5C71F0FC","nome":"Maria De Lourdes Costa","estrela":"5","operacao":" recomenda ","comentario":"","idperfil":"https:\/\/www.facebook.com\/mariadelourdes.costa.96592","publicado":"24-02-2015 22:24"},"PFjordaniabonuti_quintao":{"foto":"https:\/\/scontent-gru2-1.xx.fbcdn.net\/v\/t1.0-1\/fr\/cp0\/e15\/q65\/36364530_1776759042418253_8932266862998192128_n.jpg?_nc_cat=108&efg=eyJpIjoidCJ9&_nc_ht=scontent-gru2-1.xx&oh=a015e4a1eec312dc59216403e4b3cf2c&oe=5C7E3076","nome":"Jord\u00e2nia Bonuti Quint\u00e3o","estrela":"4","operacao":" recomenda ","comentario":"","idperfil":"https:\/\/www.facebook.com\/jordaniabonuti.quintao","publicado":"25-02-2015 00:12"},"PFsonia_mattamachado":{"foto":"https:\/\/scontent-gru2-1.xx.fbcdn.net\/v\/t1.0-1\/cp0\/e15\/q65\/p480x480\/31900329_10204478689284966_5094678365290364928_n.jpg?_nc_cat=102&efg=eyJpIjoidCJ9&_nc_ht=scontent-gru2-1.xx&oh=a338a7cd6584036486cdfb188d390e48&oe=5C85BC58","nome":"Sonia Matta Machado","estrela":"4","operacao":" recomenda ","comentario":"","idperfil":"https:\/\/www.facebook.com\/sonia.mattamachado","publicado":"25-02-2015 03:17"},"PF100008366357536":{"foto":"https:\/\/scontent-gru2-1.xx.fbcdn.net\/v\/t1.0-1\/cp0\/e15\/q65\/p480x480\/10450533_1409516496003882_5109815766796506163_n.jpg?_nc_cat=102&efg=eyJpIjoidCJ9&_nc_ht=scontent-gru2-1.xx&oh=b1365747c5f13cd0b4ba26fd9d14923a&oe=5C6D7416","nome":"Gloss MF","estrela":"5","operacao":" recomenda ","comentario":"","idperfil":"https:\/\/www.facebook.com\/100008366357536","publicado":"27-02-2015 17:31"},"PFyasminmartinsf":{"foto":"https:\/\/scontent-gru2-1.xx.fbcdn.net\/v\/t1.0-1\/fr\/cp0\/e15\/q65\/32247337_10209224774494685_512506859609915392_n.jpg?_nc_cat=100&efg=eyJpIjoidCJ9&_nc_ht=scontent-gru2-1.xx&oh=7833ea42c0941487fe00ef3c0dee1478&oe=5C804B75","nome":"Ya Martins","estrela":"5","operacao":" recomenda ","comentario":"","idperfil":"https:\/\/www.facebook.com\/yasminmartinsf","publicado":"09-04-2015 21:19"},"PFfatima_normandia":{"foto":"https:\/\/scontent-gru2-1.xx.fbcdn.net\/v\/t1.0-1\/cp0\/e15\/q65\/c0.0.321.321\/36137319_1702489999849502_4158443170562048000_n.jpg?_nc_cat=111&efg=eyJpIjoidCJ9&_nc_ht=scontent-gru2-1.xx&oh=dd348181d10ad613ae0d5f3970b525fa&oe=5C80FFFF","nome":"F\u00e1tima Normandia","estrela":"5","operacao":" recomenda ","comentario":"","idperfil":"https:\/\/www.facebook.com\/fatima.normandia","publicado":"18-05-2015 22:00"},"PFflavio_marcos_3386":{"foto":"https:\/\/scontent-gru2-1.xx.fbcdn.net\/v\/t1.0-1\/cp0\/e15\/q65\/p480x480\/24862583_2076764839276801_29450827738909854_n.jpg?_nc_cat=103&efg=eyJpIjoidCJ9&_nc_ht=scontent-gru2-1.xx&oh=e7979a7a903fc9ab65ea706bad51fc9a&oe=5C6E5172","nome":"Fl\u00e1vio Marcos","estrela":"4","operacao":" recomenda ","comentario":"","idperfil":"https:\/\/www.facebook.com\/flavio.marcos.3386","publicado":"30-06-2015 19:35"},"PFkelly_nogueira_716970":{"foto":"https:\/\/scontent-gru2-1.xx.fbcdn.net\/v\/t1.0-1\/cp0\/e15\/q65\/p480x480\/13920594_293609597666117_4797898820964048474_n.jpg?_nc_cat=109&efg=eyJpIjoidCJ9&_nc_ht=scontent-gru2-1.xx&oh=8dfb837947b3beef7341b0f81dc1857e&oe=5C7B512C","nome":"Kelly Nogueira","estrela":"5","operacao":" recomenda ","comentario":"","idperfil":"https:\/\/www.facebook.com\/kelly.nogueira.716970","publicado":"14-12-2015 20:03"},"PF100000449625291":{"foto":"https:\/\/scontent-gru2-1.xx.fbcdn.net\/v\/t1.0-1\/cp0\/e15\/q65\/c120.0.480.480\/p480x480\/33455443_2242395569118742_6495153435422228480_n.jpg?_nc_cat=107&efg=eyJpIjoidCJ9&_nc_ht=scontent-gru2-1.xx&oh=ca8f9fdfba25789390fdac7b8ae430ce&oe=5C6850E7","nome":"Maria De F\u00e1tima Oliveira","estrela":"4","operacao":" recomenda ","comentario":"","idperfil":"https:\/\/www.facebook.com\/100000449625291","publicado":"18-01-2016 00:44"},"PFbuffetcouttos":{"foto":"https:\/\/scontent-gru2-1.xx.fbcdn.net\/v\/t1.0-1\/cp0\/e15\/q65\/c0.0.480.480\/p480x480\/19030726_1233351396791419_198966193068734280_n.jpg?_nc_cat=104&efg=eyJpIjoidCJ9&_nc_ht=scontent-gru2-1.xx&oh=40fd94d88a627ac32bc03ac6c6cbee41&oe=5C67377C","nome":"Rodney Couto","estrela":"5","operacao":" recomenda ","comentario":"","idperfil":"https:\/\/www.facebook.com\/buffetcouttos","publicado":"21-03-2016 22:37"},"PFthais_hubner_1":{"foto":"https:\/\/scontent-gru2-1.xx.fbcdn.net\/v\/t1.0-1\/cp0\/e15\/q65\/c0.0.480.480\/p480x480\/41456131_2069257639765764_7951247979849973760_n.jpg?_nc_cat=108&efg=eyJpIjoidCJ9&_nc_ht=scontent-gru2-1.xx&oh=ab7cec2bcd4fadb17939b8b37afb3881&oe=5C7CA2F6","nome":"Tha\u00eds Hubner","estrela":"5","operacao":" recomenda ","comentario":"","idperfil":"https:\/\/www.facebook.com\/thais.hubner.1","publicado":"20-09-2016 04:52"},"PFmarialuiza_cesario":{"foto":"https:\/\/scontent-gru2-1.xx.fbcdn.net\/v\/t1.0-1\/cp0\/e15\/q65\/p480x480\/30515663_2111991048841405_2493913034330734592_n.jpg?_nc_cat=100&efg=eyJpIjoidCJ9&_nc_ht=scontent-gru2-1.xx&oh=0fb606dec15fb2c5a6b2123ee03128c0&oe=5C696D1F","nome":"Maria Luiza Cesario","estrela":"5","operacao":" recomenda ","comentario":"","idperfil":"https:\/\/www.facebook.com\/marialuiza.cesario","publicado":"27-12-2016 14:42"},"PFdaniel_nevesvilasboas":{"foto":"https:\/\/scontent-gru2-1.xx.fbcdn.net\/v\/t1.0-1\/cp0\/e15\/q65\/p480x480\/22141238_1798352790204708_4780708179553274360_n.jpg?_nc_cat=109&efg=eyJpIjoidCJ9&_nc_ht=scontent-gru2-1.xx&oh=1fe1befc3331ab7f63321cb6bdb49dc1&oe=5C892209","nome":"Daniel Neves Vilas Boas","estrela":"5","operacao":" recomenda ","comentario":"","idperfil":"https:\/\/www.facebook.com\/daniel.nevesvilasboas","publicado":"27-12-2016 15:15"},"PFcristiane_lima_9041":{"foto":"https:\/\/scontent-gru2-1.xx.fbcdn.net\/v\/t1.0-1\/cp0\/e15\/q65\/p480x480\/14095761_1404889962872462_3187499645000220881_n.jpg?_nc_cat=110&efg=eyJpIjoidCJ9&_nc_ht=scontent-gru2-1.xx&oh=a8d1cc7ad3d6e6f54d702bd1abf3bc3c&oe=5C736C10","nome":"Cristiane Lima","estrela":"5","operacao":" recomenda ","comentario":"","idperfil":"https:\/\/www.facebook.com\/cristiane.lima.9041","publicado":"11-01-2017 23:50"},"PF1229841177":{"foto":"https:\/\/scontent-gru2-1.xx.fbcdn.net\/v\/t1.0-1\/cp0\/e15\/q65\/c0.0.180.180\/10356335_10204557305792517_5613276690988812818_n.jpg?_nc_cat=111&efg=eyJpIjoidCJ9&_nc_ht=scontent-gru2-1.xx&oh=75831da04f53c7da80da8db085709379&oe=5C82BA3E","nome":"Patricia Anita Calm Weis","estrela":"5","operacao":" recomenda ","comentario":"POR LAS FOTOGRAFIAS........<br \/> SE VE DELICIOSO, Y FINA PRESENTACION<br \/> EXCELENTE.......","idperfil":"https:\/\/www.facebook.com\/1229841177","publicado":"05-01-2016 17:03"},"PF100001189772246":{"foto":"https:\/\/scontent-gru2-1.xx.fbcdn.net\/v\/t1.0-1\/cp0\/e15\/q65\/p480x480\/10888711_767563839959935_3130059521469725495_n.jpg?_nc_cat=110&efg=eyJpIjoidCJ9&_nc_ht=scontent-gru2-1.xx&oh=f1b01b05278fc8c0dced9692308bd120&oe=5C6A26F8","nome":"Nelson Lelis Vasconcelos","estrela":"5","operacao":" recomenda ","comentario":"Temos o privilengio de ser o maior fornecedor desta conceituada e respeitada rede de hoteis, onde conta com uma equipe que busca a cada dia encantar seus hospedes , Somos o Laticinios Esmeraldas Queijos Especiais sempre a seu servi\u00e7o...<br \/> ","idperfil":"https:\/\/www.facebook.com\/100001189772246","publicado":"28-09-2013 13:57"},"PFdenisemoraes_moraes_3":{"foto":"https:\/\/scontent-gru2-1.xx.fbcdn.net\/v\/t1.0-1\/cp0\/e15\/q65\/p480x480\/42044469_2214699095267342_3597999072859914240_n.jpg?_nc_cat=105&efg=eyJpIjoidCJ9&_nc_ht=scontent-gru2-1.xx&oh=6647792669e99f2658f824deeda0ee5e&oe=5C6A75F5","nome":"Denise Moraes Moraes","estrela":"5","operacao":" recomenda ","comentario":"\u00d3timo..conhe\u00e7o ha quase 10 anos!","idperfil":"https:\/\/www.facebook.com\/denisemoraes.moraes.3","publicado":"22-04-2014 18:00"},"PFederson_rodrigues_10236":{"foto":"https:\/\/scontent-gru2-1.xx.fbcdn.net\/v\/t1.0-1\/cp0\/e15\/q65\/c3.0.480.480\/p480x480\/22221958_1166240080176096_7168677588777871162_n.jpg?_nc_cat=108&efg=eyJpIjoidCJ9&_nc_ht=scontent-gru2-1.xx&oh=fb185ba888a0f992d3387552e3693d7b&oe=5C8304BF","nome":"\u00c9derson Rodrigues","estrela":"5","operacao":" recomenda ","comentario":"S\u00e9rio, organizado e farto.","idperfil":"https:\/\/www.facebook.com\/ederson.rodrigues.10236","publicado":"28-02-2015 14:57"},"PFpetrina_martins_7":{"foto":"https:\/\/scontent-gru2-1.xx.fbcdn.net\/v\/t1.0-1\/cp0\/e15\/q65\/p480x480\/320335_150010765141184_1792439658_n.jpg?_nc_cat=101&efg=eyJpIjoidCJ9&_nc_ht=scontent-gru2-1.xx&oh=662ffe0a7224eee9a4c38814665803b8&oe=5C3F021B","nome":"Petrina Pety","estrela":"5","operacao":" recomenda ","comentario":"Super indico! <br \/> O melhor Buffet de MG!<br \/> Qualidade em primeiro lugar!","idperfil":"https:\/\/www.facebook.com\/petrina.martins.7","publicado":"27-02-2015 16:40"},"PFvanessabrandhuber_fotografia":{"foto":"https:\/\/scontent-gru2-1.xx.fbcdn.net\/v\/t1.0-1\/cp0\/e15\/q65\/c1.0.480.480\/p480x480\/42654692_1269215439885504_3974498160885104640_n.jpg?_nc_cat=111&efg=eyJpIjoidCJ9&_nc_ht=scontent-gru2-1.xx&oh=20d92442ded697955887754a78adfb53&oe=5C7E952B","nome":"Vanessa Brandhuber Fot\u00f3grafa","estrela":"5","operacao":" recomenda ","comentario":"Simplesmente espetacular!","idperfil":"https:\/\/www.facebook.com\/vanessabrandhuber.fotografia","publicado":"30-12-2016 03:56"},"PFmariaaparecidasamtoslemos_cida":{"foto":"https:\/\/scontent-gru2-1.xx.fbcdn.net\/v\/t1.0-1\/cp0\/e15\/q65\/p480x480\/44973245_1433379616796267_4798969841190961152_n.jpg?_nc_cat=110&efg=eyJpIjoidCJ9&_nc_ht=scontent-gru2-1.xx&oh=bb2a58ac02a8e621e4cf108dd133f794&oe=5C71E9C0","nome":"Maria Aparecida Santos Lemos Cida","estrela":"5","operacao":" recomenda ","comentario":"Sandra Cardinali deveria ser a melhor voc\u00eas s\u00e3o \u00f3timos em tudo que faz","idperfil":"https:\/\/www.facebook.com\/mariaaparecidasamtoslemos.cida","publicado":"23-02-2016 23:17"},"PFmarcia_martinscorreia":{"foto":"https:\/\/scontent-gru2-1.xx.fbcdn.net\/v\/t1.0-1\/fr\/cp0\/e15\/q65\/15492153_1377198702302168_201649559435906905_n.jpg?_nc_cat=106&efg=eyJpIjoidCJ9&_nc_ht=scontent-gru2-1.xx&oh=ca4d35e06dbd2a309b7dd641e83ebee9&oe=5C78406B","nome":"Marcia Martins Correia Constantino","estrela":"5","operacao":" recomenda ","comentario":"Buffet incr\u00edvel!  Excelente qualidade e muito variado. Equipe espetacular!","idperfil":"https:\/\/www.facebook.com\/marcia.martinscorreia","publicado":"02-07-2016 18:07"},"PFlourdes_rodrigues_161":{"foto":"https:\/\/scontent-gru2-1.xx.fbcdn.net\/v\/t1.0-1\/cp0\/e15\/q65\/p480x480\/1230035_393464467443486_574530702_n.jpg?_nc_cat=104&efg=eyJpIjoidCJ9&_nc_ht=scontent-gru2-1.xx&oh=d6dfe0b5bd7114016e66711ac7c5feb6&oe=5C6ED5D6","nome":"Lourdes Rodrigues","estrela":"5","operacao":" recomenda ","comentario":"O melhor buffet q ja conheci !<br \/> Continue assim Sandra ... bjao!!!","idperfil":"https:\/\/www.facebook.com\/lourdes.rodrigues.161","publicado":"28-05-2016 19:11"},"PFivana_lopesferreira":{"foto":"https:\/\/scontent-gru2-1.xx.fbcdn.net\/v\/t1.0-1\/cp0\/e15\/q65\/p480x480\/18698394_10211167096230547_7275490653119486196_n.jpg?_nc_cat=101&efg=eyJpIjoidCJ9&_nc_ht=scontent-gru2-1.xx&oh=26e6cc8cd6e9c32e1b15831a04c4ed40&oe=5C8720F6","nome":"Ivana Lopes Ferreira","estrela":"5","operacao":" recomenda ","comentario":"Buffet de excelente qualidade e pre\u00e7o justo, super recomendo!","idperfil":"https:\/\/www.facebook.com\/ivana.lopesferreira","publicado":"06-11-2016 00:04"},"PFkarol_oliveira_129":{"foto":"https:\/\/scontent-gru2-1.xx.fbcdn.net\/v\/t1.0-1\/cp0\/e15\/q65\/p480x480\/45556290_1876122772464983_1263699848020885504_n.jpg?_nc_cat=111&efg=eyJpIjoidCJ9&_nc_ht=scontent-gru2-1.xx&oh=33b1b686980b78fae70a022c89603334&oe=5C74316B","nome":"Karol Oliveira Bastos","estrela":"5","operacao":" recomenda ","comentario":"Super Recomendo!!! Tudo de primeira qualidade!!!! E equipe muito simp\u00e1tica!!","idperfil":"https:\/\/www.facebook.com\/karol.oliveira.129","publicado":"22-11-2016 20:20"},"PF100009181969922":{"foto":"https:\/\/scontent-gru2-1.xx.fbcdn.net\/v\/t1.0-1\/cp0\/e15\/q65\/p480x480\/22288_1440293196286732_8265507028184295389_n.jpg?_nc_cat=110&efg=eyJpIjoidCJ9&_nc_ht=scontent-gru2-1.xx&oh=9de549af97b2c6f239bc518e48566f05&oe=5C3D2F5D","nome":"Luanna Manteufel","estrela":"5","operacao":" recomenda ","comentario":"Tudo perfeito.. impec\u00e1vel.  S\u00f3 tenho elogios e indico com certeza.","idperfil":"https:\/\/www.facebook.com\/100009181969922","publicado":"06-10-2017 11:49"},"PFAtivaFotoeVideo":{"foto":"https:\/\/scontent-gru2-1.xx.fbcdn.net\/v\/t1.0-1\/cp0\/e15\/q65\/p480x480\/1486778_1436548229944268_7957755813201122292_n.jpg?_nc_cat=100&efg=eyJpIjoidCJ9&_nc_ht=scontent-gru2-1.xx&oh=a1e2103353cee998a9046916fed37622&oe=5C89F8E7","nome":"Ativa Ativa","estrela":"5","operacao":" recomenda ","comentario":"Excelente servi\u00e7o e muita experi\u00eancia de mercado!!! Al\u00e9m da comida ser uma del\u00edcia \u00e9 claro!!!","idperfil":"https:\/\/www.facebook.com\/AtivaFotoeVideo","publicado":"27-12-2016 22:05"},"PFserakides":{"foto":"https:\/\/scontent-gru2-1.xx.fbcdn.net\/v\/t1.0-1\/cp0\/e15\/q65\/c5.0.480.480\/p480x480\/23905194_1523678347713525_7855326858882800288_n.jpg?_nc_cat=103&efg=eyJpIjoidCJ9&_nc_ht=scontent-gru2-1.xx&oh=5bcebc6f7c7d90fc9441451bf3731a6b&oe=5C7E5AD6","nome":"Aline Serakides","estrela":"5","operacao":" recomenda ","comentario":"Melhor buffet!!!! Adoro! Equipe super profissional, tudo de excelente qualidade!","idperfil":"https:\/\/www.facebook.com\/serakides","publicado":"27-06-2016 15:46"},"PFmiriam_maia_92":{"foto":"https:\/\/scontent-gru2-1.xx.fbcdn.net\/v\/t1.0-1\/cp0\/e15\/q65\/p480x480\/28166747_1608122579257281_5713091750042167229_n.jpg?_nc_cat=105&efg=eyJpIjoidCJ9&_nc_ht=scontent-gru2-1.xx&oh=968c09ae58889457b1282f9634a08c50&oe=5C767037","nome":"M\u00edriam Maia","estrela":"5","operacao":" recomenda ","comentario":"Obrigada pela doa\u00e7\u00e3o dos maravilhosos doces para nossa Feijoada Beneficente.","idperfil":"https:\/\/www.facebook.com\/miriam.maia.92","publicado":"19-08-2017 21:05"},"PFmaise_gois":{"foto":"https:\/\/scontent-gru2-1.xx.fbcdn.net\/v\/t1.0-1\/cp0\/e15\/q65\/p480x480\/25348504_10215620439169284_3312055505451394129_n.jpg?_nc_cat=108&efg=eyJpIjoidCJ9&_nc_ht=scontent-gru2-1.xx&oh=4df4a0114a80abe8ced9e07a529b7005&oe=5C7D8C54","nome":"Ma\u00edse G\u00f3is","estrela":"5","operacao":" recomenda ","comentario":"Perfeito, tudo com muito bom gosto e fartura. Amo especialmente os doces.","idperfil":"https:\/\/www.facebook.com\/maise.gois","publicado":"27-12-2016 13:55"},"PFpop_festas_5":{"foto":"https:\/\/scontent-gru2-1.xx.fbcdn.net\/v\/t1.0-1\/cp0\/e15\/q65\/p480x480\/26196173_1494349554015768_6136375300594078487_n.jpg?_nc_cat=103&efg=eyJpIjoidCJ9&_nc_ht=scontent-gru2-1.xx&oh=9e01812f904d0409e6b483d1c4c8ccb2&oe=5C7311FB","nome":"Pop Festas","estrela":"5","operacao":" recomenda ","comentario":"Seriedade, pontualidade, profissionalismo! Produtos de excelente qualidade e bonitos de encher os olhos!!","idperfil":"https:\/\/www.facebook.com\/pop.festas.5","publicado":"17-07-2017 18:30"},"PFmariana_loures_35":{"foto":"https:\/\/scontent-gru2-1.xx.fbcdn.net\/v\/t1.0-1\/cp0\/e15\/q65\/p480x480\/38753016_1868110943281487_7463959690733420544_n.jpg?_nc_cat=111&efg=eyJpIjoidCJ9&_nc_ht=scontent-gru2-1.xx&oh=f4aa72bf405fd0cc391eeacdaa7e648d&oe=5C694A89","nome":"Mariana Loures","estrela":"5","operacao":" recomenda ","comentario":"Maravilhoso! Desde o atendimento para fechar neg\u00f3cio at\u00e9 o acerto depois da festa. Quem nos acompanhou, Grazielle, sempre atenciosa. Na festa ent\u00e3o nem se fale, foram s\u00f3 elogios dos convidados. Meus parab\u00e9ns! Comida \u00f3tima e com fartura.","idperfil":"https:\/\/www.facebook.com\/mariana.loures.35","publicado":"25-04-2017 19:44"},"PFdayana_antunes_7":{"foto":"https:\/\/scontent-gru2-1.xx.fbcdn.net\/v\/t1.0-1\/cp0\/e15\/q65\/c5.0.480.480\/p480x480\/39442052_1855412707879482_2907344112342532096_n.jpg?_nc_cat=103&efg=eyJpIjoidCJ9&_nc_ht=scontent-gru2-1.xx&oh=6e4c42f949de5931a2bf048b71ce61b6&oe=5C82DEE7","nome":"Dayana Antunes","estrela":"5","operacao":" recomenda ","comentario":"Bom dia Grazi!<br \/> Dizer muito obrigado \u00e9  pouco perto de tamanha do\u00e7ura e gentileza. A palavra correta seria Gratid\u00e3o... Eterna... Vc n\u00e3o existe! Uma mega profissional que tivemos o prazer e o privil\u00e9gio de conhecer!  Obrigada por Tudo! Pela paci\u00eancia, profissionalismo, carinho e amor com que nos acolheu desde o in\u00edcio.<br \/> Buffet Maravilhosooooo... S\u00f3 recebemos elogios! Equipe \ufffd! E o gar\u00e7om que vcs colocaram para n\u00f3s? Meuuu Deus! Amamos ele! Gentil, educado, sol\u00edcito! Gostar\u00edamos Que agradecesse \u00e0 ele por n\u00f3s. Esqcemos o nome dele. Pedimos desculpas por isso. RS... Enfim,   que Deus continue aben\u00e7oando e iluminando esta trajet\u00f3ria de vcs! Que este seja o primeiro de muitos encontros que teremos pela vida! \ufffd\ufffd\ufffd\ufffd\ufffd\ufffd\ufffd<br \/> #J\u00e1BateuSaudade<br \/> #SuperIndicamosBuffetSandraCardinali<br \/> #Gratid\u00e3oEterna<br \/> #Amamos","idperfil":"https:\/\/www.facebook.com\/dayana.antunes.7","publicado":"18-05-2017 14:36"},"PFsibelly_fono":{"foto":"https:\/\/scontent-gru2-1.xx.fbcdn.net\/v\/t1.0-1\/cp0\/e15\/q65\/p480x480\/43760059_10210644017770437_7772503771841560576_n.jpg?_nc_cat=105&efg=eyJpIjoidCJ9&_nc_ht=scontent-gru2-1.xx&oh=e2c5b3d5d8168a84807afb85bc19f436&oe=5C785AC6","nome":"Sibelly Rosa","estrela":"5","operacao":" recomenda ","comentario":"M\u00e1gico, espl\u00eandido, incr\u00edvel...<br \/> Td exatamente como sonhei, ou seja, mais muito mais... Sandra e Aline muito obrigada.<br \/> Meu dia foi fant\u00e1stico, lindoooo lindoooooo \ufffd","idperfil":"https:\/\/www.facebook.com\/sibelly.fono","publicado":"10-05-2017 02:22"},"PFregina_oliveira_9461799":{"foto":"https:\/\/scontent-gru2-1.xx.fbcdn.net\/v\/t1.0-1\/cp0\/e15\/q65\/p480x480\/34142063_1734581446637496_9193038993535533056_n.jpg?_nc_cat=111&efg=eyJpIjoidCJ9&_nc_ht=scontent-gru2-1.xx&oh=85ff9f5d5e6a9ab6e7769924af0dda0b&oe=5C6A6257","nome":"Regina SantaF\u00e9","estrela":"5","operacao":" recomenda ","comentario":"A escolha do buffet do casamento \u00e9 uma das principais decis\u00f5es para que uma festa seja perfeita e o Buffet Pampulha cumpriu com seu papel . <br \/> Realizamos degusta\u00e7\u00e3o anteriormente, reuni\u00e3o acerca de detalhes de decora\u00e7\u00e3o, mapa da recep\u00e7\u00e3o, passagem de som pela banda (do meu noivo).<br \/> O local conta com seus pr\u00f3prios gar\u00e7ons o que facilitam a presta\u00e7\u00e3o dos servi\u00e7os. Os convidados foram servidos durante toda festa sem intervalos.<br \/> Banheiros com bom estado para o n\u00famero de convidados<br \/> O buffet \u00e9 feito no local em parceria com o Buffet Sandra Cardinali garantindo comida fresquinha e saborosa. A cerveja tamb\u00e9m \u00e9 gelada no local.<br \/> H\u00e1 climatiza\u00e7\u00e3o do lugar, pois de calor deixamos para os noivos e convidados.","idperfil":"https:\/\/www.facebook.com\/regina.oliveira.9461799","publicado":"14-04-2018 17:52"},"PFcarolinarmani":{"foto":"https:\/\/scontent-gru2-1.xx.fbcdn.net\/v\/t1.0-1\/cp0\/e15\/q65\/p480x480\/45583061_1293511487455500_1318335907949969408_n.jpg?_nc_cat=109&efg=eyJpIjoidCJ9&_nc_ht=scontent-gru2-1.xx&oh=a90703d299d252e35be38a8cb9914b0b&oe=5C3F471C","nome":"Carol Armani","estrela":"5","operacao":" recomenda ","comentario":"O Buffet \u00e9 sensacional! Meu atendimento foi impec\u00e1vel desde o dia em que fui pessoalmente conhecer o Buffet at\u00e9 a finaliza\u00e7\u00e3o do meu sonho! Muita variedade, salgados quentinhos, muito bem servido, gar\u00e7ons bem humorados, atenciosos... fiquei realizada por ter escolhido o Sandra Cardinali e indico de olhos fechados! Agrade\u00e7o a toda equipe, em especial a Grazi que me acompanhou durante todo o processo para a realiza\u00e7\u00e3o do meu casamento, agrade\u00e7o muito a Sandra tamb\u00e9m que sempre est\u00e1 presente e acompanhando tudo de pertinho! Obrigada a toda equipe! Voc\u00eas s\u00e3o excepcionais !!!","idperfil":"https:\/\/www.facebook.com\/carolinarmani","publicado":"25-04-2018 01:53"},"Dados":{"Total":"489","Proxima":"?graphql_id=UzpfSTEwMDAwNDMzMTg2MzM0NjozMDc2MzAzMDI3MjQ2OTY6MA=="}}